feature,importance
DestinationDeck_PSO J318.5-22_D,0.23205087703995325
RouteSide_?_TRAPPIST-1e_P,0.230274173424037
DestinationDeck_TRAPPIST-1e_G,0.2093761253563525
DestinationDeck_?_G,0.196937048142558
HomeDeck_Mars_D,0.1930150027781062
VIP_True,0.1811149198146335
AgeBand_senior,0.16638150867099283
RouteSide_Europa_TRAPPIST-1e_S,0.16196508590960548
HomeDeck_Europa_A,0.15936400005825438
CabinDeckSide_T_S,0.1564514620776457
CryoSleep_False,0.15241916577218856
HomeDeck_Earth_E,0.1420344245670311
DestinationDeck_TRAPPIST-1e_?,0.13997484354665635
RouteSide_Mars_PSO J318.5-22_P,0.13765906866044203
AgeBand_young,0.13589117487779684
Route_?_to_TRAPPIST-1e,0.13496899562420228
HomeDeck_Earth_?,0.13267755619187005
Route_?_to_55 Cancri e,0.1313786927371355
CabinNumberBand_1,0.13084463306842115
RouteSide_Earth_TRAPPIST-1e_?,0.13070052289626827
DestinationDeck_TRAPPIST-1e_D,0.13042158829141468
RouteSide_Europa_55 Cancri e_?,0.12781574299273307
CabinNumberBand_9,0.1248543258989085
CabinSide_P,0.12407164156195116
RouteSide_?_TRAPPIST-1e_S,0.12159974236145929
RouteSide_?_55 Cancri e_P,0.1197729219350363
RouteSide_Europa_TRAPPIST-1e_P,0.11738596644640079
DestinationDeck_TRAPPIST-1e_A,0.11719646483267654
Route_Europa_to_55 Cancri e,0.11297769171785435
HomeDeck_Europa_T,0.11005336345738845
RouteSide_Mars_?_P,0.10949142291441769
RouteSide_Mars_TRAPPIST-1e_P,0.1086363974434054
Destination_PSO J318.5-22,0.10835304854318387
DestinationDeck_55 Cancri e_?,0.10680481954587365
HomeDeck_?_D,0.10671883766476511
HomeDeck_Europa_?,0.10605393305092833
Route_Mars_to_PSO J318.5-22,0.10452564710330736
DestinationDeck_PSO J318.5-22_F,0.10386864670404775
SpendMean,0.10327200397661715
DestinationDeck_TRAPPIST-1e_B,0.1030649001886447
CabinDeckSide_B_P,0.10184736273520693
Route_Earth_to_TRAPPIST-1e,0.10059302443651359
CabinNumberBand_15,0.09831248221430988
CabinDeck_A,0.09473407636282669
RouteSide_Earth_55 Cancri e_P,0.09431130570178854
CabinDeck_T,0.09315535744359792
DestinationDeck_55 Cancri e_A,0.09125373582222397
CabinDeckSide_C_S,0.09036459764303884
CabinNumberBand_17,0.08968037456567438
HomeDeck_Earth_F,0.08961624155530709
CabinNumberBand_11,0.0894542404658675
CabinDeckSide_C_P,0.08893350905782055
CabinSide_S,0.08819650749518841
HomeDeck_?_G,0.087284273870723
DestinationDeck_55 Cancri e_T,0.08672946901097145
DestinationDeck_55 Cancri e_E,0.08599067077068187
DestinationDeck_55 Cancri e_F,0.08378585652991097
DestinationDeck_?_C,0.08353615968469538
IsAlone,0.08246480294761863
HomePlanet_Europa,0.0818931647753731
AgeBand_elder,0.08157304277085818
HomeDeck_?_B,0.07780865251038574
DestinationDeck_?_?,0.07734183158529971
DestinationDeck_55 Cancri e_B,0.0766489432985909
Route_Mars_to_?,0.07562608632300054
RouteSide_?_PSO J318.5-22_S,0.0742424015532458
CabinNumberBand_8,0.07405691277064162
DestinationDeck_?_E,0.07119545193835114
CabinNumberBand_3,0.07111463842236898
Route_Earth_to_55 Cancri e,0.07095431840581871
DestinationDeck_?_F,0.0703499542916056
Log1pTotalSpend,0.07013124431340224
Route_Europa_to_?,0.07001641781688402
DestinationDeck_55 Cancri e_C,0.06985438451629629
CabinNumberBand_16,0.06956784442034594
RouteSide_?_PSO J318.5-22_P,0.06937124911445136
AgeBand_middle,0.06882224971634245
DestinationDeck_?_B,0.0687310421512923
CabinDeck_B,0.06780081342903561
EssentialSpend,0.06666065709388276
CabinDeckSide_F_S,0.06644207253469295
HomePlanet_Mars,0.06604047511988345
DestinationDeck_55 Cancri e_D,0.06505577288072135
HomeDeck_?_A,0.06462992369542808
HomePlanet_Earth,0.06433450916171565
DestinationDeck_TRAPPIST-1e_C,0.06332230620513155
CabinDeckSide_T_P,0.06329610463404778
HomeDeck_?_?,0.06192169304756998
DestinationDeck_PSO J318.5-22_?,0.061498759050087906
HomeDeck_Europa_E,0.06043045007903534
CryoSleep_True,0.05984898328487385
CabinDeckSide_A_S,0.05973567301244086
CabinNumberBand_18,0.057724474668227124
FoodCourt,0.0576548688350492
HomeDeck_Mars_F,0.05650416639581625
Route_Earth_to_?,0.05641106856998905
CabinNumberBand_0,0.056330720153218584
AnyMissing,0.05616428170427845
HomeDeck_Europa_D,0.055215001165969946
CabinNumberBand_6,0.055160751067049915
Destination_TRAPPIST-1e,0.05489880697084641
CabinNumberBand_13,0.05435580785955254
GroupSize,0.05298232269531413
RouteSide_infrequent_sklearn,0.05151024734084821
RouteSide_?_?_P,0.05114179288431073
DestinationDeck_PSO J318.5-22_G,0.05098021613444135
RouteSide_Earth_55 Cancri e_?,0.050925028087701794
CabinDeckSide_G_S,0.05078809652510553
RouteSide_Mars_?_?,0.05049400254665013
RouteSide_Earth_PSO J318.5-22_?,0.050060841674482194
Route_Europa_to_TRAPPIST-1e,0.049834304439998256
Age,0.04922881167327112
Destination_55 Cancri e,0.04901629354307465
SpendMax,0.04897670200327516
DestinationDeck_PSO J318.5-22_C,0.04891947143816523
DestinationDeck_TRAPPIST-1e_E,0.04824644873836967
DestinationDeck_infrequent_sklearn,0.04767923600019894
RouteSide_?_55 Cancri e_S,0.04723289928804485
DestinationDeck_PSO J318.5-22_A,0.04625702965360795
RouteSide_Earth_?_?,0.04618328693497451
RouteSide_Mars_TRAPPIST-1e_?,0.045163333341276625
RouteSide_?_55 Cancri e_?,0.04453391060743196
HomeDeck_Earth_G,0.04447279814522498
CabinDeckSide_D_P,0.04435241337137033
HomeDeck_?_C,0.044327741960062374
CabinDeckSide_A_P,0.04348762317634868
RouteSide_Earth_?_P,0.0433669466857695
RouteSide_Earth_PSO J318.5-22_P,0.04294299959740082
Route_Mars_to_TRAPPIST-1e,0.04292904548586645
CabinDeck_G,0.04281147572548252
RouteSide_Europa_PSO J318.5-22_P,0.0428109005871564
CabinNumberBand_10,0.04250753251101752
ShoppingMallShare,0.04207005178167215
Route_Earth_to_PSO J318.5-22,0.041813506660020275
CabinOccupancy,0.041640128284734165
Log1pVRDeck,0.04156850869295581
RouteSide_?_?_S,0.04149858029869269
CabinNumberBand_5,0.04079839221188387
DestinationDeck_55 Cancri e_G,0.04031624342799544
RouteSide_Europa_PSO J318.5-22_S,0.040169294545623686
HomeDeck_Europa_C,0.039895067616357374
HomeDeck_Mars_E,0.03978147854458205
RouteSide_Europa_?_S,0.039627242102555166
SpendPerGroupMember,0.03934200808315778
CabinDeckSide_B_S,0.039269115929451454
FoodCourtMissing,0.0379759065630057
CabinDeckSide_F_P,0.0378683936802927
HomeDeck_?_F,0.03775820436855543
RouteSide_Earth_TRAPPIST-1e_P,0.03762095982869685
RouteSide_Europa_?_P,0.03722748265607399
RouteSide_Earth_PSO J318.5-22_S,0.03717149054135838
MissingCount,0.03689499672966865
CabinNumberBand_14,0.036564130470507314
VIP_False,0.03653016193936084
CabinDeck_E,0.03650352282607729
FoodCourtShare,0.03644692438517232
DestinationDeck_PSO J318.5-22_E,0.036201308682933066
Log1pShoppingMall,0.03583990786967517
HomeDeck_Mars_?,0.03530358509186913
CabinNumber,0.035256771024024774
IsMinor,0.0348439901143737
RouteSide_Mars_?_S,0.03471832288534554
TotalSpend,0.034105530390914476
DestinationDeck_PSO J318.5-22_B,0.03386784956325239
RouteSide_Europa_PSO J318.5-22_?,0.03377124364822838
RouteSide_Earth_55 Cancri e_S,0.033598810309406674
Spa,0.03348803619847514
DestinationDeck_TRAPPIST-1e_F,0.03319185666501757
CabinDeck_F,0.03249016201533149
HomeDeck_?_E,0.031998819034215524
DestinationDeck_?_A,0.03178572362948692
CryoNoSpendConsistent,0.031671207641112746
CabinDeck_D,0.03108116394737036
LuxurySpend,0.03105533170052536
CabinNumberBand_7,0.030870637432988717
CabinNumberBand_12,0.03085196653059266
RouteSide_Mars_PSO J318.5-22_S,0.030827582441164302
Route_Europa_to_PSO J318.5-22,0.030593739141577765
SpaMissing,0.03055558736599387
RouteSide_Mars_PSO J318.5-22_?,0.030244683740195424
SpendStd,0.03017534171513229
NoSpend,0.029966100261151707
RouteSide_Mars_55 Cancri e_P,0.028907158981640167
PassengerGroupNumber,0.028697543212704957
RouteSide_?_TRAPPIST-1e_?,0.028259605433402744
RouteSide_Europa_55 Cancri e_S,0.028152763664619863
RouteSide_Europa_55 Cancri e_P,0.027657068753744962
CabinDeckSide_E_S,0.026790873319239593
RouteSide_Mars_TRAPPIST-1e_S,0.026668550099261817
Route_?_to_PSO J318.5-22,0.02661715213909226
RoomService,0.026570184195712925
VRDeck,0.026536106235069756
ChildInCryo,0.02590909040580089
CabinNumberBand_4,0.025786667861012896
HomeDeck_Europa_B,0.025017809382674627
RouteSide_Earth_?_S,0.02395637919458623
ShoppingMall,0.023849962454114144
CabinNumberBand_2,0.023838283460466597
CabinDeckSide_G_P,0.023831356653377773
CabinDeckSide_D_S,0.023621168923611807
RoomServiceShare,0.023470526817140694
AgeSquared,0.023340306049930943
Route_?_to_?,0.023267637662727263
SpendPerAge,0.0228019632388326
NameLength,0.0225379191654117
DestinationDeck_TRAPPIST-1e_T,0.022045981636935472
AgeBand_child,0.021741278052965433
RouteSide_Mars_55 Cancri e_S,0.021740218842306834
RouteSide_Europa_TRAPPIST-1e_?,0.02163506739644468
DestinationDeck_?_D,0.021628093310158795
AgeBand_baby,0.021345536950719182
HomeDeck_infrequent_sklearn,0.021122507517238164
SharedSurname,0.020766257492014818
Log1pRoomService,0.02062536632857545
RouteSide_Earth_TRAPPIST-1e_S,0.02014107587640171
IsChild,0.019690081229316266
Route_Mars_to_55 Cancri e,0.01936575665219496
AgeBand_adult,0.019333163876745732
IsSenior,0.018380804995545234
CabinDeckSide_E_P,0.01763545388599873
Log1pFoodCourt,0.016347459728687792
SpaShare,0.015327453185705933
AgeMissing,0.013156596132347625
ShoppingMallMissing,0.013088671849654393
SpendServicesUsed,0.01278901281937197
RouteSide_Mars_55 Cancri e_?,0.012477745271079914
Log1pSpa,0.011712910183599618
CabinDeck_C,0.010331558685115661
PassengerNumberInGroup,0.010257525544280771
RoomServiceMissing,0.009998310818140293
VIPHasSpend,0.009357186892411754
VRDeckMissing,0.009264014024750595
IsGroupLeader,0.008942731320008649
SurnameSize,0.008880286259854847
AgeBand_teen,0.008083724995878838
CabinMissing,0.007844097438269018
VRDeckShare,0.0072188484435361105
CabinDeckSide_?_?,0.003781050395967512
CryoHasSpendConflict,0.0
