PassengerId,fold
0001_01,4
0002_01,4
0003_01,3
0003_02,3
0004_01,3
0005_01,3
0006_01,4
0006_02,4
0007_01,0
0008_01,4
0008_02,4
0008_03,4
0009_01,3
0010_01,2
0011_01,1
0012_01,2
0014_01,1
0015_01,1
0016_01,1
0017_01,4
0017_02,4
0020_01,4
0020_02,4
0020_03,4
0020_04,4
0020_05,4
0020_06,4
0022_01,4
0024_01,4
0025_01,0
0026_01,0
0028_01,2
0030_01,2
0031_01,3
0031_02,3
0031_03,3
0034_01,0
0035_01,0
0036_01,4
0038_01,2
0039_01,3
0041_01,2
0043_01,1
0044_01,1
0044_02,1
0044_03,1
0045_01,4
0045_02,4
0050_01,3
0051_01,0
0052_01,3
0053_01,3
0056_01,4
0056_02,4
0056_03,4
0058_01,4
0061_01,3
0062_01,3
0064_01,0
0064_02,0
0066_01,4
0067_01,0
0067_02,0
0067_03,0
0068_01,0
0069_01,4
0070_01,4
0071_01,1
0072_01,4
0073_01,3
0074_01,0
0076_01,4
0077_01,3
0078_01,4
0081_01,1
0082_01,1
0082_02,1
0082_03,1
0084_01,2
0085_01,4
0086_01,2
0088_01,0
0090_01,4
0091_01,4
0091_02,4
0092_01,0
0092_02,0
0092_03,0
0097_01,2
0098_01,2
0098_02,2
0099_01,2
0099_02,2
0101_01,1
0102_01,3
0103_01,3
0103_02,3
0103_03,3
0105_01,4
0107_01,4
0108_01,0
0108_02,0
0108_03,0
0110_01,3
0110_02,3
0110_03,3
0110_04,3
0111_01,1
0112_01,0
0113_01,1
0114_01,4
0115_01,3
0116_01,0
0119_01,0
0119_02,0
0120_01,3
0122_01,1
0123_01,0
0126_01,3
0127_01,1
0128_01,1
0128_02,1
0129_01,3
0133_01,0
0133_02,0
0134_01,4
0136_01,4
0138_01,2
0138_02,2
0139_01,2
0140_01,4
0140_02,4
0141_01,1
0144_01,4
0146_01,2
0147_01,2
0148_01,2
0149_01,3
0151_01,0
0152_01,1
0160_01,4
0163_01,0
0163_02,0
0164_01,2
0164_02,2
0165_01,1
0167_01,1
0167_02,1
0169_01,2
0170_01,1
0171_01,4
0172_01,1
0173_01,3
0174_01,0
0177_01,0
0178_01,4
0179_01,4
0179_02,4
0179_03,4
0181_01,2
0182_01,2
0183_01,1
0186_01,1
0188_01,0
0189_01,4
0190_01,2
0192_01,3
0192_02,3
0192_03,3
0193_01,4
0193_02,4
0193_03,4
0195_01,3
0196_01,2
0197_01,2
0198_01,3
0199_01,4
0200_01,0
0201_01,1
0201_02,1
0202_01,0
0202_02,0
0203_01,4
0205_01,3
0206_01,1
0207_01,2
0210_01,1
0211_01,1
0211_02,1
0211_03,1
0212_01,2
0212_02,2
0213_01,2
0216_01,2
0217_01,3
0219_01,4
0220_01,4
0220_02,4
0220_03,4
0220_04,4
0220_05,4
0220_06,4
0220_07,4
0221_01,4
0221_02,4
0221_03,4
0221_04,4
0221_05,4
0221_06,4
0221_07,4
0222_01,2
0222_02,2
0222_03,2
0223_01,0
0224_01,3
0225_01,1
0229_01,1
0231_01,1
0232_01,0
0233_01,2
0234_01,2
0237_01,1
0239_01,0
0240_01,1
0241_01,1
0242_01,0
0243_01,4
0244_01,3
0244_02,3
0245_01,4
0245_02,4
0246_01,3
0248_01,3
0250_01,0
0251_01,4
0252_01,4
0253_01,4
0254_01,0
0255_01,1
0257_01,0
0257_02,0
0258_01,4
0260_01,4
0261_01,4
0263_01,2
0265_01,2
0267_01,0
0269_01,3
0270_01,0
0275_01,3
0277_01,1
0278_01,4
0278_02,4
0281_01,4
0282_01,2
0283_01,1
0283_02,1
0285_01,1
0285_02,1
0286_01,2
0287_01,3
0287_02,3
0288_01,2
0289_01,2
0290_01,3
0290_02,3
0290_03,3
0290_04,3
0291_01,0
0294_01,2
0297_01,1
0298_01,0
0301_01,0
0302_01,1
0303_01,1
0304_01,4
0305_01,3
0306_01,0
0307_01,4
0309_01,3
0310_01,2
0313_01,2
0313_02,2
0313_03,2
0313_04,2
0314_01,0
0315_01,2
0316_01,1
0316_02,1
0320_01,0
0320_02,0
0321_01,1
0322_01,2
0324_01,2
0326_01,4
0327_01,0
0330_01,4
0330_02,4
0330_03,4
0331_01,0
0333_01,3
0334_01,1
0336_01,2
0337_01,0
0337_02,0
0337_03,0
0338_01,4
0340_01,1
0341_01,2
0343_01,4
0345_01,4
0346_01,2
0347_01,0
0348_01,4
0348_02,4
0350_01,0
0352_01,0
0355_01,0
0356_01,0
0357_01,0
0358_01,0
0358_02,0
0359_01,2
0360_01,0
0361_01,4
0365_01,2
0368_01,3
0368_02,3
0369_01,2
0370_01,4
0371_01,3
0372_01,0
0373_01,0
0375_01,3
0376_01,1
0377_01,0
0378_01,0
0378_02,0
0378_03,0
0378_04,0
0378_05,0
0378_06,0
0378_07,0
0379_01,2
0380_01,1
0381_01,0
0381_02,0
0382_01,3
0383_01,3
0383_02,3
0384_01,4
0384_02,4
0385_01,0
0387_01,4
0388_01,2
0389_01,1
0391_01,3
0392_01,3
0395_01,4
0395_02,4
0396_01,4
0397_01,0
0398_01,3
0401_01,2
0401_02,2
0402_01,4
0403_01,4
0405_01,3
0407_01,4
0407_02,4
0407_03,4
0408_01,2
0409_01,3
0410_01,2
0411_01,1
0412_01,1
0413_01,1
0415_01,2
0417_01,0
0417_02,0
0417_03,0
0423_01,3
0425_01,0
0425_02,0
0425_03,0
0427_01,4
0428_01,4
0429_01,4
0429_02,4
0430_01,0
0431_01,1
0432_01,1
0433_01,3
0433_02,3
0434_01,4
0435_01,3
0436_01,0
0436_02,0
0437_01,1
0437_02,1
0438_01,4
0439_01,2
0441_01,4
0442_01,0
0444_01,4
0444_02,4
0445_01,3
0445_02,3
0446_01,2
0447_01,0
0448_01,3
0448_02,3
0449_01,1
0452_01,4
0453_01,0
0453_02,0
0453_03,0
0454_01,1
0454_02,1
0454_03,1
0456_01,1
0457_01,2
0457_02,2
0457_03,2
0458_01,0
0459_01,3
0460_01,1
0461_01,3
0461_02,3
0461_03,3
0462_01,0
0463_01,3
0463_02,3
0465_01,1
0465_02,1
0466_01,1
0468_01,2
0470_01,2
0470_02,2
0471_01,1
0471_02,1
0472_01,3
0474_01,1
0475_01,4
0476_01,1
0476_02,1
0476_03,1
0477_01,0
0480_01,2
0481_01,1
0482_01,3
0482_02,3
0485_01,2
0487_01,0
0488_01,4
0490_01,2
0498_01,0
0498_02,0
0499_01,3
0499_02,3
0500_01,4
0501_01,2
0502_01,0
0503_01,1
0503_02,1
0503_03,1
0504_01,3
0504_02,3
0504_03,3
0504_04,3
0504_05,3
0504_06,3
0506_01,2
0507_01,4
0510_01,4
0512_01,3
0512_02,3
0513_01,3
0515_01,4
0516_01,4
0517_01,0
0518_01,2
0519_01,0
0520_01,4
0521_01,1
0522_01,0
0523_01,4
0525_01,1
0527_01,2
0527_02,2
0528_01,2
0529_01,2
0531_01,4
0531_02,4
0533_01,2
0534_01,3
0534_02,3
0537_01,2
0538_01,4
0539_01,3
0539_02,3
0539_03,3
0539_04,3
0539_05,3
0540_01,0
0540_02,0
0542_01,1
0545_01,2
0546_01,2
0547_01,2
0548_01,2
0549_01,0
0549_02,0
0550_01,0
0551_01,1
0552_01,2
0553_01,2
0553_02,2
0555_01,3
0555_02,3
0556_01,3
0559_01,0
0560_01,3
0560_02,3
0560_03,3
0561_01,3
0563_01,4
0564_01,2
0564_02,2
0564_03,2
0565_01,2
0566_01,0
0567_01,2
0568_01,4
0568_02,4
0569_01,0
0570_01,0
0571_01,3
0571_02,3
0571_03,3
0571_04,3
0571_05,3
0571_06,3
0571_07,3
0572_01,1
0573_01,4
0575_01,1
0576_01,4
0577_01,4
0579_01,2
0579_02,2
0580_01,1
0581_01,1
0582_01,3
0583_01,2
0583_02,2
0583_03,2
0585_01,1
0585_02,1
0585_03,1
0586_01,0
0587_01,2
0588_01,3
0589_01,2
0590_01,2
0591_01,1
0593_01,2
0594_01,1
0594_02,1
0596_01,1
0597_01,0
0597_02,0
0598_01,2
0599_01,3
0599_02,3
0599_03,3
0599_04,3
0600_01,2
0602_01,4
0602_02,4
0602_03,4
0603_01,2
0607_01,1
0607_02,1
0607_03,1
0608_01,1
0609_01,1
0610_01,3
0611_01,3
0612_01,2
0614_01,0
0615_01,0
0615_02,0
0615_03,0
0618_01,2
0618_02,2
0619_01,1
0619_02,1
0623_01,0
0628_01,2
0629_01,4
0630_01,2
0631_01,4
0633_01,3
0634_01,0
0635_01,0
0635_02,0
0636_01,0
0636_02,0
0637_01,1
0638_01,1
0639_01,4
0641_01,0
0642_01,4
0642_02,4
0642_03,4
0642_04,4
0642_05,4
0643_01,0
0644_01,4
0645_01,0
0646_01,2
0647_01,3
0647_02,3
0647_03,3
0650_01,4
0653_01,4
0655_01,2
0656_01,3
0657_01,4
0657_02,4
0658_01,1
0659_01,3
0660_01,3
0661_01,1
0663_01,0
0664_01,1
0665_01,1
0665_02,1
0668_01,0
0669_01,1
0671_01,2
0672_01,3
0674_01,1
0677_01,0
0678_01,3
0679_01,3
0680_01,3
0680_02,3
0680_03,3
0682_01,2
0683_01,2
0684_01,4
0684_02,4
0684_03,4
0685_01,1
0686_01,0
0686_02,0
0687_01,2
0688_01,3
0689_01,0
0690_01,2
0691_01,3
0691_02,3
0691_03,3
0693_01,0
0693_02,0
0696_01,2
0697_01,3
0699_01,3
0699_02,3
0701_01,4
0702_01,0
0703_01,1
0704_01,1
0705_01,2
0707_01,0
0709_01,4
0709_02,4
0709_03,4
0710_01,4
0712_01,2
0712_02,2
0713_01,4
0714_01,3
0714_02,3
0714_03,3
0714_04,3
0714_05,3
0714_06,3
0714_07,3
0715_01,4
0718_01,3
0719_01,1
0724_01,3
0726_01,2
0727_01,2
0728_01,2
0729_01,1
0732_01,3
0733_01,0
0734_01,2
0736_01,0
0737_01,1
0738_01,0
0740_01,4
0740_02,4
0740_03,4
0743_01,0
0746_01,0
0750_01,1
0753_01,2
0753_02,2
0753_03,2
0754_01,2
0756_01,2
0756_02,2
0756_03,2
0757_01,1
0761_01,2
0762_01,2
0764_01,1
0765_01,2
0765_02,2
0767_01,4
0768_01,4
0768_02,4
0769_01,4
0770_01,3
0770_02,3
0770_03,3
0770_04,3
0770_05,3
0770_06,3
0771_01,3
0772_01,3
0772_02,3
0772_03,3
0772_04,3
0773_01,3
0776_01,3
0777_01,1
0779_01,4
0781_01,1
0782_01,3
0784_01,4
0785_01,4
0786_01,3
0787_01,1
0788_01,1
0789_01,1
0789_02,1
0789_03,1
0790_01,1
0791_01,4
0793_01,0
0794_01,4
0794_02,4
0795_01,4
0796_01,2
0797_01,3
0798_01,1
0799_01,3
0802_01,0
0805_01,0
0806_01,1
0806_02,1
0808_01,4
0809_01,4
0809_02,4
0809_03,4
0809_04,4
0811_01,1
0811_02,1
0811_03,1
0813_01,4
0815_01,4
0816_01,1
0817_01,3
0818_01,1
0819_01,4
0820_01,3
0820_02,3
0822_01,2
0823_01,2
0823_02,2
0824_01,2
0825_01,4
0826_01,3
0828_01,0
0828_02,0
0829_01,3
0830_01,4
0833_01,3
0834_01,4
0835_01,2
0836_01,0
0839_01,4
0840_01,0
0845_01,4
0846_01,3
0848_01,3
0848_02,3
0849_01,0
0849_02,0
0850_01,4
0851_01,4
0853_01,4
0859_01,2
0860_01,0
0863_01,2
0863_02,2
0863_03,2
0865_01,3
0865_02,3
0867_01,2
0868_01,3
0869_01,0
0870_01,4
0871_01,1
0873_01,4
0874_01,1
0875_01,2
0876_01,3
0877_01,1
0878_01,2
0879_01,1
0881_01,1
0883_01,3
0885_01,0
0885_02,0
0889_01,4
0889_02,4
0890_01,0
0893_01,2
0898_01,3
0899_01,3
0899_02,3
0901_01,0
0902_01,4
0903_01,3
0904_01,1
0905_01,2
0906_01,4
0907_01,0
0907_02,0
0910_01,0
0911_01,0
0911_02,0
0912_01,1
0913_01,3
0915_01,0
0918_01,1
0919_01,4
0921_01,2
0922_01,0
0922_02,0
0923_01,2
0923_02,2
0924_01,4
0925_01,4
0925_02,4
0925_03,4
0926_01,0
0926_02,0
0927_01,3
0928_01,4
0930_01,1
0930_02,1
0931_01,2
0932_01,1
0933_01,3
0933_02,3
0935_01,3
0938_01,3
0938_02,3
0938_03,3
0939_01,0
0940_01,0
0941_01,0
0942_01,4
0944_01,4
0944_02,4
0946_01,3
0947_01,2
0949_01,2
0951_01,1
0952_01,3
0953_01,0
0955_01,0
0956_01,3
0957_01,3
0960_01,2
0961_01,2
0964_01,3
0964_02,3
0965_01,4
0966_01,0
0968_01,3
0969_01,3
0970_01,2
0971_01,1
0972_01,4
0975_01,0
0976_01,1
0978_01,4
0979_01,1
0982_01,4
0982_02,4
0983_01,2
0984_01,3
0984_02,3
0984_03,3
0984_04,3
0984_05,3
0984_06,3
0984_07,3
0984_08,3
0985_01,3
0987_01,4
0988_01,2
0988_02,2
0989_01,3
0990_01,2
0991_01,3
0992_01,2
0992_02,2
0992_03,2
0992_04,2
0992_05,2
0992_06,2
0993_01,1
0994_01,1
0994_02,1
0995_01,0
0997_01,2
0998_01,0
1000_01,4
1001_01,0
1002_01,3
1002_02,3
1002_03,3
1004_01,1
1005_01,0
1006_01,1
1006_02,1
1006_03,1
1008_01,2
1008_02,2
1011_01,4
1011_02,4
1012_01,3
1013_01,4
1014_01,3
1015_01,1
1017_01,4
1018_01,0
1019_01,3
1020_01,4
1022_01,4
1024_01,0
1024_02,0
1024_03,0
1024_04,0
1025_01,0
1026_01,2
1027_01,3
1027_02,3
1027_03,3
1027_04,3
1029_01,0
1030_01,0
1031_01,2
1032_01,2
1033_01,2
1034_01,3
1035_01,4
1036_01,1
1038_01,1
1040_01,1
1041_01,4
1043_01,0
1045_01,1
1045_02,1
1046_01,0
1047_01,3
1048_01,0
1049_01,0
1049_02,0
1051_01,4
1052_01,0
1053_01,2
1054_01,2
1056_01,4
1056_02,4
1057_01,2
1058_01,2
1060_01,4
1062_01,2
1063_01,1
1063_02,1
1065_01,3
1066_01,1
1068_01,2
1071_01,4
1075_01,2
1075_02,2
1076_01,1
1077_01,4
1078_01,1
1079_01,3
1080_01,3
1082_01,2
1083_01,4
1083_02,4
1083_03,4
1084_01,1
1085_01,0
1086_01,2
1086_02,2
1086_03,2
1086_04,2
1086_05,2
1088_01,4
1089_01,1
1089_02,1
1091_01,4
1093_01,2
1094_01,1
1095_01,2
1096_01,4
1097_01,2
1099_01,1
1100_01,2
1100_02,2
1100_03,2
1100_04,2
1102_01,3
1105_01,3
1108_01,1
1108_02,1
1110_01,4
1110_02,4
1112_01,0
1113_01,3
1114_01,0
1114_02,0
1115_01,3
1116_01,3
1116_02,3
1116_03,3
1117_01,3
1121_01,3
1123_01,2
1127_01,4
1129_01,3
1130_01,0
1130_02,0
1132_01,4
1133_01,4
1134_01,1
1136_01,2
1140_01,2
1140_02,2
1140_03,2
1141_01,2
1142_01,1
1144_01,0
1144_02,0
1144_03,0
1146_01,1
1147_01,0
1148_01,3
1148_02,3
1148_03,3
1148_04,3
1148_05,3
1148_06,3
1148_07,3
1149_01,0
1149_02,0
1149_03,0
1149_04,0
1149_05,0
1150_01,3
1152_01,4
1153_01,2
1154_01,0
1154_02,0
1154_03,0
1155_01,0
1155_02,0
1156_01,3
1156_02,3
1161_01,2
1161_02,2
1162_01,3
1163_01,3
1165_01,2
1165_02,2
1165_03,2
1165_04,2
1166_01,0
1167_01,1
1168_01,4
1169_01,0
1170_01,2
1173_01,0
1174_01,1
1175_01,4
1177_01,3
1178_01,4
1179_01,4
1180_01,4
1182_01,4
1182_02,4
1182_03,4
1185_01,3
1186_01,4
1186_02,4
1186_03,4
1186_04,4
1186_05,4
1187_01,1
1187_02,1
1187_03,1
1188_01,2
1190_01,1
1191_01,2
1192_01,0
1193_01,2
1193_02,2
1195_01,2
1197_01,3
1198_01,0
1199_01,1
1203_01,1
1206_01,0
1208_01,4
1210_01,3
1210_02,3
1211_01,3
1211_02,3
1211_03,3
1211_04,3
1211_05,3
1211_06,3
1211_07,3
1212_01,3
1213_01,0
1214_01,1
1215_01,2
1216_01,3
1218_01,1
1220_01,3
1221_01,0
1221_02,0
1222_01,2
1223_01,0
1225_01,2
1228_01,3
1228_02,3
1229_01,2
1230_01,2
1231_01,4
1232_01,1
1232_02,1
1233_01,1
1234_01,3
1235_01,0
1236_01,2
1238_01,4
1238_02,4
1239_01,1
1240_01,4
1242_01,4
1243_01,1
1243_02,1
1246_01,0
1248_01,4
1250_01,2
1254_01,0
1254_02,0
1255_01,0
1255_02,0
1256_01,0
1258_01,3
1259_01,0
1260_01,2
1261_01,3
1263_01,2
1264_01,0
1267_01,1
1269_01,4
1271_01,2
1273_01,2
1274_01,0
1278_01,4
1279_01,0
1280_01,0
1281_01,2
1282_01,0
1283_01,3
1284_01,1
1285_01,0
1286_01,1
1287_01,3
1287_02,3
1287_03,3
1288_01,0
1289_01,2
1289_02,2
1291_01,3
1292_01,4
1292_02,4
1293_01,3
1294_01,4
1294_02,4
1294_03,4
1295_01,3
1299_01,3
1300_01,4
1302_01,4
1304_01,3
1304_02,3
1304_03,3
1304_04,3
1304_05,3
1304_06,3
1306_01,4
1306_02,4
1307_01,3
1308_01,1
1308_02,1
1308_03,1
1308_04,1
1309_01,2
1310_01,4
1311_01,4
1311_02,4
1311_03,4
1312_01,0
1316_01,3
1316_02,3
1317_01,3
1322_01,3
1323_01,4
1324_01,2
1324_02,2
1324_03,2
1325_01,3
1325_02,3
1325_03,3
1326_01,2
1326_02,2
1328_01,1
1330_01,4
1330_02,4
1331_01,4
1332_01,0
1333_01,0
1335_01,1
1336_01,2
1337_01,2
1340_01,0
1342_01,4
1345_01,4
1347_01,1
1348_01,2
1348_02,2
1350_01,2
1350_02,2
1350_03,2
1350_04,2
1351_01,0
1352_01,1
1353_01,0
1353_02,0
1353_03,0
1353_04,0
1355_01,4
1356_01,3
1357_01,1
1360_01,0
1362_01,3
1365_01,3
1365_02,3
1366_01,4
1368_01,4
1370_01,2
1371_01,0
1375_01,4
1375_02,4
1376_01,1
1377_01,4
1378_01,4
1378_02,4
1379_01,3
1380_01,2
1381_01,4
1382_01,1
1383_01,1
1384_01,1
1384_02,1
1384_03,1
1384_04,1
1384_05,1
1385_01,2
1386_01,2
1387_01,2
1389_01,0
1390_01,0
1391_01,4
1391_02,4
1391_03,4
1393_01,2
1393_02,2
1395_01,0
1397_01,4
1398_01,0
1399_01,4
1400_01,4
1401_01,0
1402_01,0
1402_02,0
1403_01,1
1404_01,1
1404_02,1
1406_01,1
1407_01,0
1407_02,0
1408_01,2
1410_01,0
1412_01,4
1413_01,3
1414_01,4
1415_01,1
1416_01,2
1417_01,1
1419_01,4
1420_01,2
1421_01,0
1421_02,0
1423_01,1
1423_02,1
1423_03,1
1424_01,0
1424_02,0
1424_03,0
1424_04,0
1424_05,0
1425_01,3
1425_02,3
1425_03,3
1426_01,0
1427_01,4
1427_02,4
1428_01,2
1430_01,0
1431_01,1
1433_01,3
1434_01,4
1434_02,4
1434_03,4
1435_01,4
1438_01,1
1439_01,1
1439_02,1
1440_01,4
1442_01,0
1443_01,3
1444_01,3
1445_01,0
1447_01,2
1450_01,2
1450_02,2
1451_01,2
1451_02,2
1452_01,2
1452_02,2
1452_03,2
1452_04,2
1452_05,2
1453_01,0
1453_02,0
1454_01,1
1455_01,3
1455_02,3
1455_03,3
1455_04,3
1455_05,3
1457_01,4
1458_01,4
1460_01,4
1460_02,4
1461_01,4
1462_01,0
1463_01,2
1465_01,3
1467_01,4
1474_01,1
1478_01,3
1478_02,3
1479_01,0
1481_01,4
1484_01,1
1485_01,1
1488_01,3
1489_01,4
1490_01,1
1491_01,0
1491_02,0
1491_03,0
1493_01,1
1498_01,4
1499_01,2
1500_01,2
1500_02,2
1500_03,2
1500_04,2
1500_05,2
1500_06,2
1500_07,2
1501_01,1
1503_01,4
1503_02,4
1506_01,1
1507_01,2
1507_02,2
1507_03,2
1507_04,2
1509_01,1
1510_01,2
1511_01,1
1511_02,1
1511_03,1
1511_04,1
1515_01,1
1520_01,0
1521_01,0
1523_01,3
1523_02,3
1524_01,2
1525_01,4
1526_01,2
1527_01,1
1527_02,1
1528_01,4
1529_01,4
1529_02,4
1531_01,3
1532_01,1
1533_01,0
1536_01,2
1539_01,4
1540_01,2
1540_02,2
1540_03,2
1541_01,1
1542_01,1
1543_01,2
1544_01,4
1545_01,4
1547_01,1
1548_01,0
1548_02,0
1550_01,3
1550_02,3
1551_01,0
1552_01,3
1555_01,2
1558_01,0
1560_01,2
1561_01,2
1562_01,4
1564_01,3
1565_01,2
1567_01,0
1568_01,2
1568_02,2
1569_01,2
1572_01,2
1572_02,2
1573_01,0
1576_01,2
1577_01,0
1578_01,0
1579_01,1
1580_01,2
1580_02,2
1581_01,0
1581_02,0
1584_01,1
1584_02,1
1585_01,3
1588_01,0
1588_02,0
1590_01,4
1590_02,4
1592_01,0
1592_02,0
1593_01,0
1594_01,4
1595_01,3
1596_01,1
1597_01,4
1599_01,0
1599_02,0
1601_01,3
1602_01,0
1603_01,2
1603_02,2
1603_03,2
1604_01,1
1606_01,2
1608_01,3
1611_01,0
1612_01,1
1612_02,1
1613_01,0
1614_01,4
1615_01,4
1615_02,4
1615_03,4
1617_01,3
1619_01,0
1621_01,4
1621_02,4
1622_01,1
1624_01,0
1624_02,0
1624_03,0
1625_01,0
1625_02,0
1626_01,1
1628_01,3
1630_01,4
1630_02,4
1630_03,4
1631_01,2
1632_01,4
1633_01,2
1633_02,2
1634_01,3
1635_01,0
1636_01,2
1637_01,3
1638_01,1
1640_01,2
1644_01,2
1645_01,1
1646_01,0
1647_01,2
1649_01,0
1650_01,0
1651_01,2
1651_02,2
1651_03,2
1653_01,1
1655_01,1
1655_02,1
1656_01,0
1657_01,0
1658_01,4
1659_01,3
1660_01,0
1661_01,1
1661_02,1
1661_03,1
1661_04,1
1662_01,2
1663_01,1
1666_01,0
1668_01,4
1669_01,1
1669_02,1
1669_03,1
1670_01,4
1670_02,4
1671_01,0
1672_01,4
1673_01,3
1674_01,1
1676_01,1
1677_01,1
1681_01,2
1682_01,0
1685_01,2
1685_02,2
1685_03,2
1687_01,3
1688_01,1
1688_02,1
1688_03,1
1690_01,2
1691_01,3
1694_01,4
1695_01,1
1696_01,3
1697_01,4
1698_01,3
1699_01,1
1700_01,3
1700_02,3
1704_01,2
1704_02,2
1705_01,1
1708_01,3
1709_01,2
1709_02,2
1709_03,2
1709_04,2
1709_05,2
1709_06,2
1709_07,2
1710_01,3
1711_01,0
1712_01,4
1712_02,4
1713_01,1
1714_01,2
1715_01,1
1717_01,3
1717_02,3
1718_01,2
1719_01,1
1721_01,0
1723_01,1
1724_01,4
1725_01,0
1727_01,0
1727_02,0
1728_01,3
1729_01,2
1730_01,1
1731_01,0
1731_02,0
1733_01,1
1734_01,4
1736_01,0
1738_01,3
1738_02,3
1739_01,0
1740_01,0
1742_01,0
1745_01,4
1746_01,3
1747_01,1
1748_01,1
1748_02,1
1748_03,1
1749_01,3
1752_01,4
1753_01,3
1755_01,4
1757_01,0
1758_01,4
1760_01,2
1761_01,4
1762_01,4
1762_02,4
1763_01,0
1764_01,0
1764_02,0
1766_01,0
1767_01,3
1767_02,3
1767_03,3
1767_04,3
1768_01,0
1769_01,2
1770_01,3
1771_01,3
1772_01,2
1774_01,4
1775_01,2
1776_01,0
1778_01,1
1779_01,4
1781_01,3
1782_01,0
1782_02,0
1783_01,3
1783_02,3
1785_01,0
1786_01,1
1792_01,0
1796_01,1
1797_01,0
1798_01,4
1799_01,2
1800_01,1
1800_02,1
1800_03,1
1800_04,1
1800_05,1
1802_01,4
1803_01,0
1804_01,0
1805_01,3
1806_01,2
1807_01,2
1808_01,2
1810_01,1
1811_01,0
1811_02,0
1812_01,3
1813_01,2
1816_01,2
1816_02,2
1817_01,0
1818_01,1
1821_01,4
1822_01,2
1823_01,3
1826_01,3
1827_01,4
1828_01,0
1829_01,1
1829_02,1
1829_03,1
1829_04,1
1829_05,1
1829_06,1
1831_01,2
1833_01,0
1834_01,3
1836_01,2
1841_01,3
1843_01,3
1844_01,4
1844_02,4
1844_03,4
1846_01,0
1847_01,3
1848_01,4
1849_01,3
1850_01,3
1850_02,3
1853_01,0
1854_01,1
1855_01,0
1855_02,0
1856_01,4
1857_01,0
1859_01,2
1860_01,2
1860_02,2
1861_01,2
1861_02,2
1863_01,2
1864_01,4
1865_01,4
1865_02,4
1865_03,4
1865_04,4
1865_05,4
1865_06,4
1866_01,3
1868_01,1
1871_01,0
1872_01,0
1873_01,3
1874_01,1
1874_02,1
1877_01,0
1878_01,3
1879_01,4
1880_01,0
1881_01,3
1882_01,2
1882_02,2
1884_01,2
1886_01,3
1887_01,1
1888_01,1
1889_01,1
1889_02,1
1890_01,0
1891_01,1
1892_01,2
1892_02,2
1892_03,2
1897_01,4
1897_02,4
1898_01,1
1899_01,2
1901_01,0
1901_02,0
1902_01,3
1903_01,1
1905_01,0
1906_01,2
1907_01,0
1908_01,4
1911_01,0
1915_01,4
1916_01,3
1916_02,3
1918_01,3
1918_02,3
1918_03,3
1920_01,4
1922_01,2
1923_01,2
1923_02,2
1925_01,1
1926_01,0
1927_01,0
1928_01,4
1931_01,4
1933_01,1
1935_01,1
1937_01,1
1938_01,3
1939_01,0
1939_02,0
1940_01,3
1941_01,4
1942_01,4
1945_01,4
1946_01,0
1947_01,3
1950_01,2
1952_01,2
1953_01,4
1956_01,2
1956_02,2
1957_01,0
1959_01,1
1959_02,1
1959_03,1
1960_01,3
1960_02,3
1961_01,3
1962_01,2
1962_02,2
1962_03,2
1963_01,1
1964_01,3
1967_01,3
1968_01,1
1969_01,3
1971_01,3
1973_01,3
1974_01,0
1975_01,0
1976_01,2
1976_02,2
1976_03,2
1976_04,2
1976_05,2
1976_06,2
1976_07,2
1977_01,0
1978_01,3
1979_01,0
1980_01,2
1980_02,2
1980_03,2
1981_01,1
1983_01,0
1984_01,2
1985_01,0
1988_01,4
1991_01,2
1991_02,2
1992_01,2
1993_01,3
1994_01,2
1995_01,4
1996_01,3
1997_01,0
1999_01,2
2000_01,2
2001_01,4
2003_01,2
2006_01,1
2006_02,1
2006_03,1
2007_01,2
2009_01,0
2009_02,0
2009_03,0
2010_01,2
2011_01,0
2012_01,3
2013_01,0
2015_01,0
2019_01,2
2019_02,2
2022_01,3
2024_01,0
2024_02,0
2026_01,2
2026_02,2
2026_03,2
2027_01,2
2028_01,0
2029_01,4
2032_01,1
2034_01,0
2038_01,4
2040_01,0
2040_02,0
2041_01,1
2042_01,4
2043_01,1
2044_01,1
2045_01,3
2046_01,0
2051_01,0
2052_01,0
2053_01,4
2054_01,3
2055_01,4
2055_02,4
2055_03,4
2055_04,4
2055_05,4
2055_06,4
2056_01,1
2056_02,1
2056_03,1
2056_04,1
2059_01,1
2060_01,0
2061_01,3
2062_01,3
2063_01,4
2065_01,3
2066_01,2
2067_01,1
2067_02,1
2070_01,1
2071_01,0
2071_02,0
2073_01,1
2074_01,2
2074_02,2
2075_01,3
2080_01,1
2081_01,1
2082_01,3
2083_01,1
2084_01,1
2084_02,1
2085_01,2
2086_01,2
2086_02,2
2087_01,2
2088_01,1
2088_02,1
2089_01,1
2090_01,2
2091_01,2
2092_01,1
2092_02,1
2092_03,1
2092_04,1
2092_05,1
2094_01,4
2095_01,0
2096_01,3
2096_02,3
2097_01,2
2099_01,3
2100_01,0
2102_01,1
2104_01,3
2104_02,3
2105_01,4
2106_01,1
2107_01,1
2110_01,0
2111_01,2
2112_01,4
2114_01,1
2115_01,3
2116_01,1
2117_01,3
2118_01,0
2120_01,2
2121_01,0
2123_01,3
2123_02,3
2124_01,1
2125_01,0
2126_01,0
2127_01,1
2128_01,1
2129_01,1
2130_01,4
2131_01,3
2133_01,3
2133_02,3
2134_01,3
2135_01,0
2135_02,0
2136_01,2
2137_01,3
2137_02,3
2137_03,3
2138_01,0
2139_01,3
2140_01,2
2141_01,1
2142_01,0
2143_01,3
2143_02,3
2144_01,1
2145_01,0
2147_01,2
2148_01,1
2149_01,3
2150_01,4
2152_01,1
2153_01,2
2154_01,1
2156_01,4
2158_01,3
2159_01,4
2161_01,3
2162_01,1
2162_02,1
2163_01,4
2164_01,3
2167_01,3
2168_01,1
2168_02,1
2171_01,2
2171_02,2
2172_01,2
2173_01,0
2175_01,2
2177_01,0
2179_01,0
2180_01,2
2182_01,3
2183_01,4
2183_02,4
2186_01,4
2187_01,2
2188_01,3
2189_01,0
2190_01,2
2191_01,4
2193_01,2
2194_01,2
2195_01,3
2196_01,1
2196_02,1
2196_03,1
2196_04,1
2198_01,2
2200_01,1
2201_01,0
2202_01,3
2203_01,2
2204_01,0
2205_01,2
2206_01,4
2207_01,4
2209_01,3
2210_01,4
2211_01,4
2212_01,2
2215_01,0
2215_02,0
2215_03,0
2215_04,0
2219_01,2
2220_01,2
2221_01,1
2223_01,0
2224_01,3
2225_01,1
2228_01,4
2229_01,3
2231_01,2
2232_01,2
2232_02,2
2233_01,3
2234_01,4
2234_02,4
2234_03,4
2234_04,4
2234_05,4
2234_06,4
2234_07,4
2235_01,2
2237_01,0
2237_02,0
2238_01,2
2239_01,3
2241_01,3
2243_01,3
2251_01,3
2251_02,3
2252_01,2
2253_01,2
2254_01,2
2255_01,0
2255_02,0
2256_01,3
2257_01,3
2257_02,3
2258_01,1
2261_01,4
2262_01,2
2263_01,1
2264_01,0
2266_01,0
2267_01,3
2268_01,4
2269_01,3
2270_01,3
2272_01,2
2272_02,2
2272_03,2
2273_01,2
2274_01,4
2274_02,4
2275_01,1
2277_01,3
2278_01,0
2279_01,2
2280_01,3
2281_01,1
2282_01,0
2284_01,0
2287_01,3
2288_01,3
2289_01,3
2291_01,1
2291_02,1
2291_03,1
2295_01,2
2295_02,2
2296_01,0
2298_01,3
2299_01,4
2300_01,2
2300_02,2
2301_01,1
2301_02,1
2301_03,1
2302_01,1
2303_01,0
2305_01,0
2306_01,2
2306_02,2
2306_03,2
2306_04,2
2306_05,2
2306_06,2
2308_01,1
2308_02,1
2308_03,1
2308_04,1
2309_01,0
2310_01,0
2310_02,0
2310_03,0
2310_04,0
2311_01,3
2312_01,0
2313_01,4
2314_01,2
2315_01,4
2316_01,3
2317_01,2
2318_01,4
2319_01,4
2320_01,2
2321_01,3
2325_01,1
2327_01,2
2329_01,2
2332_01,2
2333_01,1
2336_01,0
2336_02,0
2338_01,2
2338_02,2
2339_01,3
2340_01,3
2341_01,3
2345_01,4
2347_01,4
2347_02,4
2347_03,4
2347_04,4
2347_05,4
2347_06,4
2347_07,4
2348_01,1
2349_01,4
2353_01,3
2353_02,3
2356_01,0
2356_02,0
2356_03,0
2357_01,3
2360_01,1
2361_01,3
2361_02,3
2363_01,3
2364_01,2
2365_01,3
2366_01,0
2367_01,4
2368_01,2
2369_01,1
2373_01,3
2374_01,0
2375_01,4
2376_01,3
2377_01,0
2379_01,3
2382_01,1
2384_01,2
2384_02,2
2384_03,2
2384_04,2
2384_05,2
2384_06,2
2384_07,2
2385_01,1
2387_01,1
2389_01,1
2390_01,0
2391_01,0
2392_01,4
2395_01,4
2396_01,0
2396_02,0
2397_01,1
2398_01,4
2399_01,3
2401_01,4
2402_01,0
2403_01,0
2404_01,3
2404_02,3
2404_03,3
2404_04,3
2406_01,2
2409_01,4
2409_02,4
2410_01,3
2411_01,0
2412_01,1
2413_01,2
2414_01,2
2416_01,3
2417_01,0
2419_01,2
2421_01,3
2423_01,4
2424_01,3
2426_01,2
2426_02,2
2427_01,2
2429_01,1
2431_01,4
2432_01,1
2433_01,3
2435_01,3
2436_01,2
2438_01,2
2439_01,1
2441_01,1
2442_01,3
2443_01,0
2444_01,2
2445_01,4
2446_01,0
2449_01,0
2449_02,0
2449_03,0
2451_01,1
2452_01,2
2453_01,2
2454_01,3
2455_01,1
2456_01,1
2457_01,2
2458_01,4
2460_01,1
2461_01,2
2462_01,1
2463_01,4
2466_01,2
2467_01,0
2470_01,3
2470_02,3
2471_01,1
2472_01,2
2474_01,4
2475_01,1
2476_01,3
2477_01,0
2477_02,0
2478_01,3
2479_01,1
2480_01,4
2483_01,0
2486_01,2
2486_02,2
2488_01,1
2489_01,2
2491_01,4
2492_01,0
2496_01,3
2497_01,3
2498_01,4
2499_01,3
2500_01,1
2502_01,4
2503_01,1
2503_02,1
2505_01,3
2505_02,3
2506_01,1
2506_02,1
2506_03,1
2508_01,3
2508_02,3
2509_01,1
2510_01,4
2512_01,2
2512_02,2
2513_01,0
2515_01,3
2515_02,3
2516_01,4
2518_01,1
2518_02,1
2519_01,1
2520_01,3
2521_01,4
2522_01,0
2523_01,0
2524_01,0
2526_01,4
2527_01,2
2528_01,2
2530_01,2
2531_01,3
2532_01,1
2532_02,1
2534_01,3
2534_02,3
2535_01,3
2537_01,1
2540_01,2
2541_01,2
2542_01,4
2544_01,3
2544_02,3
2545_01,4
2546_01,4
2547_01,2
2547_02,2
2548_01,4
2549_01,0
2549_02,0
2549_03,0
2550_01,2
2551_01,2
2552_01,2
2552_02,2
2552_03,2
2553_01,1
2555_01,3
2555_02,3
2557_01,2
2558_01,3
2558_02,3
2558_03,3
2558_04,3
2559_01,1
2560_01,2
2560_02,2
2560_03,2
2561_01,4
2562_01,1
2562_02,1
2564_01,2
2565_01,1
2565_02,1
2571_01,0
2572_01,4
2572_02,4
2573_01,3
2574_01,2
2578_01,0
2580_01,1
2581_01,3
2581_02,3
2582_01,3
2584_01,1
2588_01,1
2589_01,0
2589_02,0
2589_03,0
2589_04,0
2589_05,0
2590_01,2
2590_02,2
2590_03,2
2591_01,1
2591_02,1
2592_01,4
2592_02,4
2593_01,4
2594_01,0
2595_01,3
2595_02,3
2595_03,3
2595_04,3
2596_01,2
2596_02,2
2597_01,1
2597_02,1
2598_01,0
2599_01,0
2601_01,1
2602_01,1
2602_02,1
2602_03,1
2605_01,2
2606_01,1
2606_02,1
2607_01,1
2607_02,1
2607_03,1
2607_04,1
2609_01,1
2616_01,0
2617_01,4
2618_01,3
2619_01,1
2622_01,1
2624_01,1
2625_01,0
2625_02,0
2626_01,2
2627_01,3
2628_01,3
2628_02,3
2629_01,1
2631_01,4
2633_01,2
2634_01,1
2635_01,0
2636_01,1
2638_01,2
2640_01,1
2641_01,0
2642_01,2
2643_01,1
2645_01,0
2645_02,0
2645_03,0
2645_04,0
2645_05,0
2646_01,0
2647_01,3
2648_01,4
2649_01,3
2650_01,4
2651_01,2
2652_01,4
2655_01,0
2657_01,4
2658_01,0
2659_01,0
2660_01,3
2661_01,1
2661_02,1
2662_01,1
2663_01,4
2664_01,0
2666_01,1
2666_02,1
2668_01,1
2668_02,1
2670_01,4
2671_01,0
2672_01,4
2675_01,3
2676_01,0
2677_01,4
2678_01,0
2679_01,2
2682_01,4
2683_01,0
2684_01,3
2685_01,0
2687_01,3
2688_01,1
2690_01,2
2691_01,2
2692_01,3
2693_01,2
2693_02,2
2693_03,2
2693_04,2
2695_01,2
2697_01,1
2698_01,4
2700_01,3
2701_01,1
2702_01,3
2703_01,2
2704_01,2
2706_01,0
2707_01,2
2707_02,2
2708_01,4
2709_01,0
2709_02,0
2709_03,0
2709_04,0
2712_01,2
2713_01,0
2714_01,3
2717_01,4
2718_01,0
2720_01,2
2720_02,2
2720_03,2
2721_01,2
2722_01,2
2723_01,1
2723_02,1
2724_01,2
2724_02,2
2725_01,3
2726_01,3
2727_01,1
2729_01,2
2730_01,4
2730_02,4
2730_03,4
2732_01,3
2732_02,3
2734_01,3
2736_01,2
2737_01,3
2737_02,3
2738_01,0
2739_01,4
2740_01,0
2741_01,2
2743_01,3
2745_01,1
2746_01,4
2747_01,1
2748_01,0
2750_01,1
2751_01,4
2752_01,0
2752_02,0
2752_03,0
2753_01,4
2754_01,3
2755_01,2
2756_01,1
2758_01,0
2759_01,1
2760_01,2
2760_02,2
2760_03,2
2762_01,2
2762_02,2
2763_01,0
2764_01,0
2765_01,1
2768_01,4
2768_02,4
2768_03,4
2769_01,2
2770_01,3
2772_01,4
2773_01,3
2774_01,3
2774_02,3
2774_03,3
2778_01,4
2778_02,4
2780_01,3
2781_01,0
2783_01,3
2783_02,3
2784_01,2
2785_01,2
2786_01,4
2787_01,2
2788_01,4
2789_01,4
2790_01,0
2790_02,0
2790_03,0
2790_04,0
2790_05,0
2792_01,3
2793_01,4
2795_01,3
2795_02,3
2796_01,2
2797_01,1
2798_01,1
2798_02,1
2799_01,2
2799_02,2
2801_01,0
2802_01,2
2805_01,4
2806_01,3
2807_01,3
2807_02,3
2807_03,3
2809_01,2
2810_01,1
2811_01,3
2812_01,2
2813_01,1
2814_01,3
2817_01,2
2818_01,2
2818_02,2
2818_03,2
2819_01,1
2820_01,1
2821_01,2
2822_01,3
2822_02,3
2822_03,3
2822_04,3
2822_05,3
2823_01,0
2824_01,4
2825_01,4
2826_01,1
2826_02,1
2831_01,1
2831_02,1
2832_01,3
2834_01,0
2835_01,1
2837_01,0
2838_01,4
2839_01,1
2840_01,2
2843_01,0
2846_01,0
2847_01,0
2852_01,2
2853_01,1
2854_01,3
2856_01,2
2857_01,4
2858_01,4
2858_02,4
2858_03,4
2859_01,2
2860_01,3
2861_01,1
2862_01,3
2863_01,1
2865_01,0
2865_02,0
2866_01,4
2867_01,1
2867_02,1
2869_01,1
2870_01,1
2871_01,0
2871_02,0
2872_01,3
2873_01,1
2875_01,0
2876_01,2
2877_01,2
2878_01,2
2880_01,4
2881_01,3
2882_01,3
2883_01,1
2884_01,2
2887_01,1
2888_01,2
2890_01,2
2890_02,2
2891_01,4
2892_01,2
2892_02,2
2892_03,2
2892_04,2
2892_05,2
2893_01,2
2894_01,4
2897_01,4
2899_01,4
2900_01,4
2901_01,1
2901_02,1
2902_01,1
2905_01,2
2906_01,3
2907_01,2
2908_01,0
2908_02,0
2909_01,1
2910_01,1
2912_01,4
2913_01,1
2919_01,4
2919_02,4
2919_03,4
2920_01,3
2925_01,1
2925_02,1
2926_01,4
2927_01,2
2928_01,2
2928_02,2
2928_03,2
2929_01,2
2930_01,0
2934_01,4
2935_01,1
2936_01,2
2938_01,2
2940_01,3
2941_01,1
2942_01,0
2943_01,0
2944_01,0
2944_02,0
2944_03,0
2944_04,0
2945_01,0
2948_01,3
2949_01,1
2950_01,3
2953_01,1
2954_01,0
2956_01,1
2958_01,3
2959_01,1
2960_01,1
2961_01,3
2962_01,1
2964_01,0
2965_01,0
2966_01,0
2968_01,1
2969_01,2
2970_01,3
2971_01,3
2972_01,1
2975_01,3
2979_01,4
2982_01,4
2983_01,3
2984_01,1
2986_01,2
2988_01,3
2990_01,3
2992_01,1
2993_01,4
2994_01,1
2995_01,2
2995_02,2
2996_01,2
2998_01,1
3000_01,0
3001_01,0
3001_02,0
3003_01,0
3004_01,2
3004_02,2
3005_01,0
3006_01,4
3009_01,4
3010_01,1
3012_01,3
3013_01,1
3014_01,1
3015_01,3
3018_01,4
3019_01,1
3020_01,3
3021_01,3
3021_02,3
3022_01,3
3022_02,3
3023_01,2
3024_01,4
3025_01,0
3025_02,0
3026_01,2
3027_01,0
3029_01,3
3029_02,3
3030_01,2
3030_02,2
3032_01,0
3032_02,0
3032_03,0
3032_04,0
3033_01,3
3034_01,2
3036_01,2
3038_01,3
3039_01,4
3040_01,1
3042_01,4
3044_01,2
3045_01,4
3047_01,4
3047_02,4
3048_01,0
3050_01,1
3053_01,0
3054_01,2
3055_01,3
3060_01,4
3060_02,4
3060_03,4
3061_01,2
3061_02,2
3062_01,1
3063_01,3
3063_02,3
3063_03,3
3064_01,0
3065_01,2
3066_01,3
3067_01,2
3068_01,3
3070_01,0
3071_01,3
3071_02,3
3073_01,0
3076_01,1
3079_01,1
3080_01,1
3081_01,2
3081_02,2
3082_01,2
3083_01,0
3084_01,1
3085_01,2
3087_01,4
3088_01,3
3090_01,4
3091_01,3
3091_02,3
3092_01,0
3093_01,1
3095_01,3
3096_01,4
3099_01,1
3100_01,0
3100_02,0
3100_03,0
3102_01,1
3103_01,1
3104_01,0
3104_02,0
3110_01,0
3111_01,1
3112_01,4
3113_01,3
3113_02,3
3114_01,0
3116_01,2
3117_01,3
3118_01,0
3119_01,0
3120_01,0
3120_02,0
3121_01,4
3123_01,1
3124_01,4
3124_02,4
3124_03,4
3126_01,2
3126_02,2
3128_01,0
3130_01,4
3131_01,2
3131_02,2
3131_03,2
3132_01,3
3133_01,0
3134_01,0
3136_01,4
3138_01,3
3140_01,2
3142_01,4
3142_02,4
3143_01,1
3145_01,0
3147_01,0
3149_01,4
3149_02,4
3152_01,1
3158_01,2
3159_01,3
3161_01,4
3162_01,0
3162_02,0
3162_03,0
3163_01,4
3163_02,4
3164_01,3
3166_01,3
3168_01,3
3169_01,4
3171_01,0
3172_01,1
3174_01,4
3174_02,4
3175_01,4
3176_01,2
3179_01,4
3180_01,3
3181_01,3
3182_01,0
3184_01,1
3184_02,1
3185_01,4
3188_01,2
3189_01,2
3189_02,2
3191_01,4
3192_01,2
3193_01,0
3195_01,0
3195_02,0
3195_03,0
3195_04,0
3195_05,0
3195_06,0
3196_01,2
3197_01,1
3200_01,3
3201_01,0
3203_01,0
3204_01,3
3204_02,3
3204_03,3
3205_01,4
3206_01,4
3209_01,3
3210_01,0
3210_02,0
3210_03,0
3211_01,4
3211_02,4
3211_03,4
3212_01,3
3213_01,4
3215_01,4
3216_01,1
3216_02,1
3216_03,1
3217_01,4
3218_01,3
3218_02,3
3218_03,3
3219_01,2
3220_01,3
3221_01,0
3223_01,2
3224_01,0
3225_01,1
3225_02,1
3227_01,3
3229_01,4
3230_01,0
3232_01,2
3235_01,4
3236_01,4
3236_02,4
3236_03,4
3237_01,3
3237_02,3
3237_03,3
3238_01,4
3239_01,3
3240_01,2
3241_01,3
3243_01,2
3247_01,4
3248_01,2
3252_01,1
3253_01,3
3254_01,0
3255_01,3
3256_01,2
3258_01,0
3259_01,3
3260_01,1
3262_01,0
3268_01,2
3269_01,4
3270_01,2
3271_01,2
3271_02,2
3272_01,0
3272_02,0
3273_01,2
3274_01,1
3274_02,1
3274_03,1
3275_01,4
3276_01,0
3279_01,1
3279_02,1
3279_03,1
3279_04,1
3280_01,3
3280_02,3
3282_01,0
3282_02,0
3282_03,0
3283_01,1
3283_02,1
3283_03,1
3283_04,1
3284_01,3
3284_02,3
3287_01,2
3287_02,2
3287_03,2
3289_01,1
3292_01,3
3292_02,3
3292_03,3
3292_04,3
3292_05,3
3293_01,4
3294_01,2
3294_02,2
3295_01,3
3296_01,2
3297_01,3
3298_01,2
3299_01,4
3300_01,1
3300_02,1
3301_01,3
3301_02,3
3301_03,3
3301_04,3
3304_01,2
3305_01,0
3305_02,0
3308_01,3
3309_01,1
3310_01,4
3311_01,4
3312_01,3
3313_01,0
3314_01,3
3315_01,1
3317_01,2
3318_01,3
3318_02,3
3318_03,3
3318_04,3
3318_05,3
3319_01,1
3322_01,1
3323_01,3
3323_02,3
3324_01,2
3324_02,2
3325_01,1
3326_01,1
3327_01,3
3328_01,4
3329_01,0
3330_01,1
3331_01,2
3332_01,3
3332_02,3
3332_03,3
3336_01,2
3337_01,4
3337_02,4
3337_03,4
3338_01,1
3339_01,3
3342_01,0
3343_01,2
3348_01,0
3349_01,3
3350_01,1
3352_01,1
3353_01,1
3353_02,1
3353_03,1
3353_04,1
3353_05,1
3353_06,1
3357_01,2
3359_01,2
3360_01,1
3361_01,1
3361_02,1
3361_03,1
3361_04,1
3363_01,1
3363_02,1
3363_03,1
3364_01,3
3365_01,3
3370_01,3
3371_01,1
3372_01,3
3377_01,3
3380_01,2
3381_01,4
3382_01,1
3382_02,1
3383_01,0
3384_01,1
3384_02,1
3384_03,1
3386_01,0
3387_01,3
3389_01,3
3390_01,4
3391_01,0
3391_02,0
3392_01,0
3392_02,0
3392_03,0
3392_04,0
3394_01,3
3395_01,3
3396_01,0
3397_01,0
3401_01,2
3402_01,1
3403_01,0
3404_01,1
3405_01,0
3405_02,0
3405_03,0
3406_01,0
3406_02,0
3408_01,0
3409_01,0
3410_01,3
3412_01,4
3412_02,4
3412_03,4
3413_01,0
3415_01,1
3417_01,3
3418_01,2
3419_01,1
3420_01,3
3421_01,0
3422_01,0
3422_02,0
3423_01,4
3424_01,0
3425_01,4
3426_01,0
3428_01,2
3428_02,2
3430_01,4
3431_01,2
3432_01,0
3433_01,1
3434_01,3
3437_01,3
3437_02,3
3438_01,3
3438_02,3
3439_01,3
3439_02,3
3439_03,3
3439_04,3
3440_01,0
3441_01,2
3442_01,1
3443_01,1
3444_01,0
3444_02,0
3444_03,0
3444_04,0
3445_01,3
3446_01,3
3447_01,3
3449_01,1
3450_01,4
3450_02,4
3453_01,2
3454_01,4
3455_01,2
3456_01,0
3458_01,4
3459_01,2
3461_01,4
3462_01,3
3464_01,1
3464_02,1
3465_01,4
3467_01,2
3468_01,0
3469_01,4
3470_01,3
3470_02,3
3473_01,3
3474_01,4
3474_02,4
3474_03,4
3474_04,4
3475_01,0
3475_02,0
3475_03,0
3476_01,3
3476_02,3
3476_03,3
3476_04,3
3478_01,3
3480_01,1
3483_01,0
3484_01,3
3484_02,3
3485_01,0
3485_02,0
3485_03,0
3486_01,1
3487_01,0
3488_01,4
3488_02,4
3489_01,2
3489_02,2
3490_01,1
3490_02,1
3491_01,0
3492_01,3
3495_01,2
3495_02,2
3495_03,2
3495_04,2
3496_01,0
3496_02,0
3497_01,1
3499_01,0
3499_02,0
3499_03,0
3499_04,0
3501_01,2
3504_01,3
3506_01,2
3511_01,3
3512_01,1
3514_01,3
3515_01,1
3515_02,1
3518_01,1
3519_01,1
3519_02,1
3519_03,1
3520_01,4
3520_02,4
3521_01,0
3521_02,0
3523_01,2
3525_01,3
3527_01,3
3528_01,3
3530_01,1
3531_01,3
3531_02,3
3533_01,1
3534_01,0
3535_01,3
3535_02,3
3536_01,3
3537_01,4
3539_01,1
3540_01,2
3542_01,2
3543_01,3
3543_02,3
3543_03,3
3546_01,0
3547_01,4
3548_01,4
3550_01,0
3550_02,0
3550_03,0
3552_01,0
3552_02,0
3553_01,4
3555_01,2
3556_01,3
3558_01,1
3558_02,1
3559_01,3
3560_01,1
3561_01,2
3561_02,2
3562_01,0
3562_02,0
3563_01,0
3564_01,4
3565_01,4
3566_01,1
3567_01,2
3568_01,1
3569_01,3
3570_01,1
3572_01,1
3573_01,3
3576_01,4
3577_01,4
3578_01,4
3579_01,2
3582_01,2
3584_01,0
3586_01,4
3588_01,0
3588_02,0
3591_01,1
3592_01,0
3592_02,0
3594_01,1
3595_01,4
3596_01,3
3597_01,3
3598_01,2
3600_01,3
3602_01,3
3605_01,3
3606_01,4
3607_01,1
3608_01,4
3608_02,4
3608_03,4
3609_01,2
3609_02,2
3609_03,2
3609_04,2
3610_01,1
3610_02,1
3612_01,0
3613_01,0
3614_01,0
3615_01,0
3615_02,0
3616_01,0
3619_01,2
3620_01,1
3622_01,1
3622_02,1
3624_01,4
3625_01,2
3626_01,2
3628_01,4
3629_01,4
3630_01,4
3631_01,0
3634_01,3
3636_01,4
3639_01,3
3640_01,4
3640_02,4
3641_01,1
3641_02,1
3641_03,1
3642_01,3
3644_01,0
3645_01,3
3645_02,3
3645_03,3
3645_04,3
3645_05,3
3647_01,4
3648_01,0
3650_01,3
3652_01,1
3653_01,0
3654_01,2
3654_02,2
3655_01,4
3658_01,1
3658_02,1
3660_01,3
3662_01,2
3662_02,2
3664_01,3
3665_01,2
3667_01,4
3668_01,4
3671_01,0
3674_01,0
3677_01,4
3678_01,1
3679_01,2
3680_01,1
3680_02,1
3681_01,1
3681_02,1
3682_01,0
3686_01,1
3688_01,1
3688_02,1
3688_03,1
3690_01,4
3691_01,4
3692_01,4
3693_01,4
3699_01,1
3699_02,1
3699_03,1
3699_04,1
3700_01,3
3702_01,0
3703_01,2
3703_02,2
3704_01,4
3705_01,0
3706_01,3
3706_02,3
3707_01,0
3707_02,0
3708_01,1
3710_01,2
3710_02,2
3710_03,2
3711_01,3
3711_02,3
3711_03,3
3713_01,4
3713_02,4
3713_03,4
3714_01,4
3714_02,4
3715_01,2
3715_02,2
3715_03,2
3715_04,2
3716_01,3
3719_01,1
3719_02,1
3724_01,2
3726_01,3
3728_01,0
3729_01,0
3732_01,0
3732_02,0
3732_03,0
3732_04,0
3733_01,4
3734_01,2
3735_01,3
3735_02,3
3736_01,4
3737_01,3
3737_02,3
3739_01,1
3741_01,1
3742_01,4
3742_02,4
3743_01,3
3744_01,0
3745_01,1
3747_01,3
3747_02,3
3747_03,3
3747_04,3
3748_01,2
3749_01,2
3749_02,2
3750_01,4
3750_02,4
3751_01,0
3752_01,2
3753_01,3
3754_01,1
3755_01,4
3755_02,4
3756_01,2
3757_01,2
3758_01,3
3758_02,3
3759_01,3
3760_01,0
3761_01,1
3765_01,4
3767_01,0
3768_01,2
3769_01,1
3770_01,4
3771_01,3
3772_01,2
3772_02,2
3773_01,3
3773_02,3
3773_03,3
3774_01,1
3774_02,1
3774_03,1
3775_01,2
3775_02,2
3776_01,1
3777_01,4
3778_01,2
3779_01,0
3781_01,1
3783_01,2
3784_01,2
3785_01,4
3786_01,0
3786_02,0
3787_01,3
3787_02,3
3787_03,3
3788_01,3
3789_01,3
3790_01,1
3793_01,4
3795_01,3
3796_01,1
3797_01,3
3798_01,0
3801_01,2
3803_01,3
3804_01,2
3805_01,2
3807_01,4
3810_01,3
3811_01,4
3811_02,4
3812_01,1
3814_01,3
3815_01,1
3816_01,2
3817_01,3
3818_01,2
3820_01,0
3821_01,3
3822_01,2
3823_01,2
3824_01,3
3826_01,0
3830_01,1
3831_01,0
3832_01,2
3835_01,1
3836_01,2
3838_01,1
3839_01,2
3841_01,0
3842_01,4
3846_01,3
3847_01,2
3848_01,4
3849_01,1
3850_01,2
3850_02,2
3850_03,2
3850_04,2
3850_05,2
3850_06,2
3850_07,2
3851_01,3
3852_01,3
3853_01,1
3854_01,4
3856_01,1
3857_01,3
3862_01,2
3862_02,2
3862_03,2
3862_04,2
3862_05,2
3862_06,2
3862_07,2
3864_01,4
3866_01,3
3867_01,1
3868_01,4
3868_02,4
3868_03,4
3868_04,4
3868_05,4
3868_06,4
3868_07,4
3870_01,4
3871_01,1
3872_01,1
3873_01,4
3874_01,4
3874_02,4
3875_01,3
3879_01,0
3883_01,3
3883_02,3
3883_03,3
3886_01,2
3888_01,3
3890_01,1
3894_01,3
3895_01,3
3895_02,3
3895_03,3
3896_01,3
3897_01,3
3898_01,4
3899_01,0
3903_01,0
3903_02,0
3903_03,0
3903_04,0
3903_05,0
3903_06,0
3904_01,3
3907_01,2
3909_01,3
3911_01,1
3911_02,1
3911_03,1
3912_01,2
3913_01,4
3913_02,4
3915_01,1
3916_01,3
3916_02,3
3917_01,2
3919_01,3
3921_01,0
3922_01,2
3923_01,0
3923_02,0
3923_03,0
3924_01,2
3926_01,3
3927_01,2
3927_02,2
3928_01,4
3928_02,4
3930_01,2
3931_01,4
3932_01,3
3932_02,3
3933_01,0
3935_01,0
3936_01,1
3937_01,3
3938_01,2
3938_02,2
3938_03,2
3939_01,1
3940_01,0
3941_01,1
3942_01,3
3944_01,4
3945_01,2
3946_01,1
3948_01,0
3949_01,4
3950_01,2
3952_01,1
3954_01,4
3955_01,1
3958_01,2
3959_01,2
3959_02,2
3959_03,2
3960_01,4
3961_01,4
3962_01,4
3962_02,4
3963_01,2
3964_01,1
3966_01,4
3966_02,4
3966_03,4
3967_01,1
3968_01,3
3970_01,0
3971_01,2
3973_01,3
3974_01,4
3974_02,4
3976_01,0
3977_01,0
3980_01,0
3981_01,2
3984_01,2
3985_01,1
3986_01,1
3986_02,1
3987_01,4
3988_01,1
3991_01,2
3992_01,3
3994_01,3
3995_01,2
3995_02,2
3995_03,2
3995_04,2
3995_05,2
3995_06,2
3996_01,4
3997_01,3
3998_01,0
3999_01,0
4000_01,2
4000_02,2
4000_03,2
4001_01,1
4001_02,1
4001_03,1
4001_04,1
4001_05,1
4001_06,1
4001_07,1
4002_01,4
4003_01,4
4005_01,4
4005_02,4
4005_03,4
4005_04,4
4005_05,4
4005_06,4
4005_07,4
4005_08,4
4006_01,0
4006_02,0
4006_03,0
4006_04,0
4006_05,0
4008_01,4
4009_01,0
4010_01,3
4013_01,3
4014_01,0
4014_02,0
4016_01,4
4017_01,0
4017_02,0
4017_03,0
4017_04,0
4017_05,0
4018_01,3
4019_01,2
4020_01,3
4021_01,2
4022_01,2
4023_01,3
4026_01,0
4027_01,0
4030_01,4
4030_02,4
4030_03,4
4030_04,4
4030_05,4
4031_01,2
4031_02,2
4032_01,0
4033_01,1
4034_01,0
4035_01,0
4036_01,1
4037_01,4
4038_01,2
4039_01,4
4040_01,4
4042_01,0
4042_02,0
4042_03,0
4043_01,4
4044_01,4
4044_02,4
4044_03,4
4045_01,2
4046_01,1
4047_01,0
4049_01,3
4050_01,0
4053_01,0
4055_01,0
4058_01,1
4060_01,0
4061_01,2
4061_02,2
4061_03,2
4063_01,4
4064_01,1
4065_01,4
4066_01,2
4066_02,2
4068_01,0
4069_01,1
4071_01,1
4071_02,1
4072_01,4
4075_01,4
4076_01,3
4078_01,3
4079_01,0
4080_01,1
4081_01,2
4082_01,3
4083_01,0
4084_01,0
4089_01,0
4090_01,1
4091_01,1
4093_01,1
4095_01,2
4096_01,4
4097_01,1
4098_01,3
4099_01,1
4101_01,2
4102_01,4
4103_01,2
4104_01,0
4106_01,3
4107_01,1
4108_01,3
4108_02,3
4109_01,3
4110_01,2
4112_01,0
4113_01,1
4113_02,1
4114_01,0
4115_01,1
4116_01,0
4120_01,0
4125_01,2
4127_01,0
4128_01,0
4128_02,0
4128_03,0
4129_01,4
4130_01,1
4131_01,3
4132_01,0
4134_01,2
4135_01,1
4137_01,0
4140_01,1
4141_01,3
4142_01,2
4143_01,4
4144_01,2
4145_01,2
4147_01,4
4147_02,4
4149_01,0
4150_01,4
4151_01,1
4152_01,0
4154_01,0
4156_01,2
4158_01,1
4159_01,1
4160_01,3
4163_01,1
4165_01,3
4166_01,3
4166_02,3
4167_01,3
4168_01,3
4168_02,3
4169_01,4
4169_02,4
4170_01,4
4171_01,1
4172_01,0
4172_02,0
4172_03,0
4172_04,0
4172_05,0
4172_06,0
4172_07,0
4173_01,0
4174_01,4
4175_01,3
4176_01,2
4176_02,2
4176_03,2
4176_04,2
4176_05,2
4176_06,2
4176_07,2
4177_01,3
4177_02,3
4177_03,3
4178_01,0
4179_01,2
4179_02,2
4181_01,2
4181_02,2
4181_03,2
4181_04,2
4181_05,2
4181_06,2
4182_01,4
4182_02,4
4182_03,4
4183_01,0
4184_01,2
4185_01,3
4186_01,1
4188_01,3
4189_01,0
4191_01,1
4194_01,1
4196_01,4
4197_01,2
4197_02,2
4197_03,2
4199_01,1
4203_01,4
4204_01,4
4204_02,4
4204_03,4
4205_01,3
4206_01,3
4207_01,3
4207_02,3
4208_01,1
4210_01,0
4210_02,0
4211_01,0
4212_01,0
4213_01,4
4214_01,3
4215_01,1
4216_01,2
4216_02,2
4218_01,0
4218_02,0
4219_01,0
4219_02,0
4219_03,0
4220_01,2
4221_01,2
4222_01,2
4222_02,2
4223_01,0
4223_02,0
4225_01,4
4229_01,4
4230_01,3
4231_01,0
4232_01,1
4233_01,3
4237_01,4
4238_01,2
4239_01,3
4240_01,4
4242_01,1
4243_01,2
4244_01,2
4245_01,4
4246_01,0
4249_01,4
4249_02,4
4249_03,4
4251_01,3
4252_01,0
4253_01,1
4254_01,2
4254_02,2
4254_03,2
4255_01,3
4256_01,3
4256_02,3
4256_03,3
4256_04,3
4256_05,3
4256_06,3
4256_07,3
4256_08,3
4257_01,1
4258_01,3
4258_02,3
4258_03,3
4259_01,1
4260_01,3
4261_01,2
4262_01,2
4262_02,2
4264_01,1
4266_01,0
4267_01,4
4267_02,4
4270_01,4
4271_01,4
4272_01,2
4273_01,1
4274_01,2
4278_01,3
4280_01,2
4289_01,4
4291_01,2
4292_01,1
4293_01,2
4294_01,1
4295_01,1
4295_02,1
4296_01,2
4297_01,2
4300_01,0
4301_01,4
4302_01,4
4303_01,2
4303_02,2
4305_01,3
4305_02,3
4305_03,3
4306_01,2
4309_01,3
4309_02,3
4311_01,3
4312_01,1
4315_01,3
4315_02,3
4316_01,2
4317_01,1
4318_01,0
4319_01,2
4320_01,3
4324_01,1
4324_02,1
4324_03,1
4324_04,1
4327_01,3
4329_01,4
4330_01,3
4332_01,1
4333_01,4
4334_01,2
4335_01,4
4336_01,3
4336_02,3
4336_03,3
4336_04,3
4337_01,0
4338_01,3
4338_02,3
4338_03,3
4339_01,3
4340_01,4
4343_01,2
4344_01,4
4345_01,3
4346_01,3
4347_01,4
4348_01,0
4349_01,3
4350_01,4
4350_02,4
4351_01,4
4352_01,4
4352_02,4
4354_01,2
4356_01,2
4357_01,0
4358_01,4
4359_01,2
4359_02,2
4359_03,2
4360_01,0
4361_01,2
4362_01,0
4364_01,2
4365_01,3
4366_01,0
4367_01,3
4368_01,4
4369_01,4
4370_01,0
4371_01,4
4371_02,4
4371_03,4
4371_04,4
4371_05,4
4372_01,2
4372_02,2
4373_01,4
4376_01,0
4382_01,3
4383_01,2
4386_01,0
4386_02,0
4387_01,4
4388_01,0
4390_01,3
4390_02,3
4390_03,3
4391_01,0
4392_01,4
4393_01,1
4393_02,1
4395_01,0
4396_01,1
4397_01,3
4399_01,1
4400_01,2
4400_02,2
4400_03,2
4401_01,4
4401_02,4
4402_01,2
4403_01,0
4403_02,0
4404_01,4
4405_01,3
4407_01,4
4408_01,3
4409_01,0
4410_01,1
4411_01,4
4413_01,1
4415_01,2
4416_01,1
4422_01,0
4422_02,0
4424_01,0
4426_01,1
4427_01,3
4427_02,3
4428_01,4
4429_01,4
4430_01,1
4431_01,0
4432_01,1
4433_01,0
4436_01,4
4437_01,2
4438_01,4
4440_01,3
4441_01,2
4441_02,2
4441_03,2
4444_01,4
4445_01,2
4446_01,3
4446_02,3
4446_03,3
4446_04,3
4446_05,3
4447_01,3
4448_01,2
4449_01,3
4450_01,1
4450_02,1
4450_03,1
4450_04,1
4451_01,4
4452_01,0
4453_01,3
4456_01,1
4457_01,0
4459_01,4
4461_01,4
4462_01,3
4463_01,2
4463_02,2
4464_01,3
4465_01,2
4465_02,2
4465_03,2
4466_01,2
4467_01,0
4469_01,4
4469_02,4
4470_01,4
4472_01,0
4472_02,0
4473_01,1
4473_02,1
4474_01,0
4474_02,0
4474_03,0
4475_01,2
4475_02,2
4476_01,4
4477_01,3
4479_01,3
4482_01,2
4482_02,2
4482_03,2
4482_04,2
4482_05,2
4483_01,2
4483_02,2
4485_01,2
4485_02,2
4486_01,0
4487_01,3
4490_01,4
4491_01,3
4492_01,2
4493_01,2
4494_01,1
4496_01,3
4497_01,0
4498_01,2
4498_02,2
4498_03,2
4498_04,2
4498_05,2
4498_06,2
4498_07,2
4498_08,2
4500_01,4
4501_01,4
4502_01,4
4505_01,0
4505_02,0
4506_01,4
4508_01,3
4508_02,3
4508_03,3
4509_01,3
4509_02,3
4509_03,3
4510_01,2
4511_01,4
4511_02,4
4512_01,1
4514_01,4
4515_01,0
4515_02,0
4516_01,2
4517_01,3
4518_01,0
4521_01,0
4522_01,0
4524_01,1
4529_01,3
4530_01,0
4531_01,0
4532_01,4
4533_01,0
4534_01,0
4535_01,3
4535_02,3
4537_01,0
4538_01,4
4539_01,1
4539_02,1
4542_01,1
4542_02,1
4543_01,0
4544_01,3
4546_01,3
4547_01,1
4549_01,3
4550_01,1
4552_01,3
4553_01,3
4555_01,0
4557_01,4
4558_01,0
4559_01,2
4560_01,1
4561_01,4
4562_01,0
4563_01,1
4564_01,1
4565_01,4
4567_01,4
4568_01,0
4569_01,0
4569_02,0
4570_01,3
4571_01,2
4572_01,1
4573_01,4
4574_01,3
4575_01,2
4576_01,1
4577_01,2
4580_01,1
4581_01,2
4581_02,2
4585_01,1
4586_01,2
4587_01,4
4591_01,4
4592_01,4
4592_02,4
4592_03,4
4592_04,4
4593_01,3
4594_01,0
4594_02,0
4594_03,0
4594_04,0
4595_01,3
4596_01,1
4597_01,0
4602_01,2
4603_01,4
4603_02,4
4604_01,1
4605_01,4
4606_01,4
4606_02,4
4607_01,1
4608_01,1
4609_01,1
4610_01,1
4611_01,0
4612_01,1
4613_01,0
4615_01,4
4617_01,1
4620_01,2
4621_01,2
4622_01,4
4623_01,4
4624_01,1
4625_01,1
4625_02,1
4625_03,1
4625_04,1
4625_05,1
4625_06,1
4625_07,1
4628_01,0
4630_01,1
4631_01,2
4632_01,2
4632_02,2
4632_03,2
4632_04,2
4632_05,2
4633_01,3
4634_01,4
4635_01,1
4637_01,3
4638_01,4
4640_01,3
4641_01,4
4642_01,4
4643_01,3
4644_01,0
4645_01,2
4645_02,2
4646_01,1
4648_01,1
4649_01,1
4650_01,1
4651_01,1
4652_01,3
4653_01,3
4654_01,1
4655_01,3
4655_02,3
4656_01,2
4656_02,2
4657_01,1
4658_01,3
4658_02,3
4659_01,4
4661_01,0
4661_02,0
4661_03,0
4661_04,0
4661_05,0
4661_06,0
4661_07,0
4662_01,2
4662_02,2
4662_03,2
4663_01,4
4663_02,4
4663_03,4
4663_04,4
4663_05,4
4663_06,4
4664_01,1
4665_01,4
4667_01,3
4668_01,0
4668_02,0
4672_01,4
4673_01,2
4676_01,4
4677_01,3
4678_01,4
4679_01,1
4680_01,2
4680_02,2
4680_03,2
4680_04,2
4684_01,2
4686_01,1
4689_01,1
4690_01,2
4690_02,2
4691_01,3
4693_01,2
4693_02,2
4694_01,1
4695_01,2
4695_02,2
4695_03,2
4696_01,3
4699_01,3
4704_01,0
4706_01,2
4706_02,2
4708_01,2
4709_01,0
4710_01,4
4710_02,4
4711_01,1
4712_01,0
4713_01,0
4714_01,0
4717_01,4
4719_01,3
4720_01,2
4721_01,1
4723_01,0
4723_02,0
4725_01,3
4726_01,4
4726_02,4
4726_03,4
4726_04,4
4726_05,4
4728_01,1
4728_02,1
4730_01,1
4732_01,1
4732_02,1
4732_03,1
4733_01,0
4738_01,3
4738_02,3
4739_01,1
4741_01,2
4741_02,2
4741_03,2
4743_01,0
4744_01,1
4744_02,1
4746_01,4
4748_01,2
4750_01,2
4750_02,2
4752_01,2
4753_01,4
4754_01,4
4755_01,3
4756_01,2
4756_02,2
4757_01,2
4758_01,0
4759_01,3
4762_01,1
4763_01,4
4764_01,3
4769_01,1
4770_01,3
4770_02,3
4772_01,2
4773_01,1
4774_01,4
4774_02,4
4774_03,4
4774_04,4
4775_01,2
4777_01,0
4778_01,4
4780_01,2
4780_02,2
4782_01,3
4782_02,3
4782_03,3
4782_04,3
4782_05,3
4783_01,1
4784_01,3
4785_01,0
4786_01,0
4787_01,4
4788_01,4
4790_01,0
4791_01,1
4792_01,2
4793_01,3
4793_02,3
4794_01,0
4795_01,1
4796_01,1
4796_02,1
4797_01,0
4798_01,2
4798_02,2
4798_03,2
4801_01,0
4803_01,3
4804_01,3
4804_02,3
4804_03,3
4807_01,2
4808_01,3
4810_01,1
4813_01,3
4814_01,0
4815_01,0
4817_01,2
4818_01,3
4819_01,0
4822_01,0
4822_02,0
4822_03,0
4822_04,0
4823_01,3
4827_01,0
4828_01,2
4829_01,4
4830_01,1
4831_01,2
4832_01,4
4836_01,4
4836_02,4
4837_01,3
4838_01,2
4840_01,1
4841_01,3
4841_02,3
4841_03,3
4842_01,0
4845_01,0
4846_01,1
4846_02,1
4847_01,3
4848_01,4
4850_01,0
4850_02,0
4851_01,3
4853_01,4
4856_01,2
4857_01,2
4862_01,0
4863_01,3
4864_01,2
4866_01,3
4868_01,0
4870_01,4
4871_01,1
4873_01,0
4874_01,4
4874_02,4
4875_01,2
4876_01,1
4878_01,2
4879_01,3
4880_01,3
4881_01,2
4882_01,0
4883_01,0
4884_01,1
4885_01,3
4886_01,0
4887_01,0
4888_01,3
4889_01,3
4890_01,0
4890_02,0
4891_01,0
4891_02,0
4892_01,2
4893_01,3
4895_01,0
4896_01,2
4897_01,2
4898_01,1
4899_01,1
4899_02,1
4900_01,4
4901_01,2
4901_02,2
4902_01,2
4903_01,4
4904_01,1
4909_01,0
4910_01,0
4911_01,2
4912_01,1
4912_02,1
4913_01,2
4915_01,0
4916_01,2
4917_01,0
4918_01,4
4920_01,0
4923_01,1
4923_02,1
4923_03,1
4924_01,4
4925_01,2
4927_01,0
4927_02,0
4927_03,0
4927_04,0
4929_01,1
4930_01,0
4930_02,0
4932_01,3
4932_02,3
4933_01,1
4933_02,1
4933_03,1
4933_04,1
4934_01,3
4937_01,4
4938_01,3
4939_01,2
4940_01,2
4941_01,3
4942_01,1
4942_02,1
4943_01,2
4944_01,2
4944_02,2
4944_03,2
4945_01,3
4946_01,1
4950_01,0
4951_01,3
4952_01,0
4954_01,2
4956_01,1
4958_01,1
4961_01,1
4963_01,0
4964_01,2
4965_01,3
4970_01,2
4972_01,3
4973_01,2
4973_02,2
4974_01,1
4974_02,1
4975_01,3
4975_02,3
4975_03,3
4977_01,1
4977_02,1
4978_01,4
4979_01,3
4980_01,3
4980_02,3
4980_03,3
4981_01,2
4981_02,2
4981_03,2
4983_01,3
4987_01,4
4989_01,2
4990_01,3
4991_01,3
4992_01,3
4995_01,3
4996_01,2
4997_01,4
4998_01,2
4999_01,3
5000_01,1
5003_01,3
5004_01,1
5005_01,0
5006_01,0
5006_02,0
5006_03,0
5007_01,1
5008_01,0
5009_01,4
5010_01,1
5012_01,2
5013_01,0
5014_01,4
5014_02,4
5015_01,0
5016_01,3
5017_01,0
5018_01,2
5019_01,3
5020_01,1
5021_01,2
5023_01,4
5025_01,1
5027_01,3
5028_01,0
5032_01,1
5034_01,4
5035_01,2
5036_01,1
5036_02,1
5039_01,4
5039_02,4
5039_03,4
5039_04,4
5040_01,3
5040_02,3
5042_01,3
5044_01,4
5044_02,4
5048_01,1
5050_01,4
5051_01,0
5052_01,1
5052_02,1
5057_01,1
5058_01,4
5058_02,4
5058_03,4
5059_01,0
5060_01,4
5060_02,4
5060_03,4
5060_04,4
5061_01,2
5061_02,2
5062_01,3
5063_01,4
5064_01,4
5065_01,1
5065_02,1
5067_01,3
5068_01,0
5069_01,1
5070_01,2
5072_01,2
5072_02,2
5073_01,4
5074_01,2
5076_01,3
5080_01,0
5083_01,0
5084_01,1
5084_02,1
5085_01,4
5087_01,4
5088_01,4
5089_01,1
5089_02,1
5090_01,1
5090_02,1
5090_03,1
5090_04,1
5090_05,1
5090_06,1
5091_01,2
5093_01,4
5095_01,3
5097_01,4
5097_02,4
5097_03,4
5103_01,0
5104_01,2
5105_01,4
5106_01,1
5108_01,0
5109_01,0
5111_01,3
5111_02,3
5111_03,3
5112_01,2
5112_02,2
5112_03,2
5115_01,4
5115_02,4
5116_01,0
5116_02,0
5120_01,2
5122_01,4
5124_01,3
5125_01,3
5126_01,0
5127_01,3
5127_02,3
5128_01,0
5128_02,0
5129_01,1
5130_01,0
5132_01,2
5133_01,0
5133_02,0
5133_03,0
5133_04,0
5133_05,0
5133_06,0
5133_07,0
5133_08,0
5136_01,4
5137_01,2
5138_01,4
5140_01,3
5142_01,2
5142_02,2
5142_03,2
5142_04,2
5144_01,2
5145_01,3
5146_01,1
5148_01,1
5148_02,1
5151_01,0
5152_01,3
5154_01,4
5156_01,2
5156_02,2
5157_01,4
5158_01,3
5160_01,4
5161_01,3
5162_01,1
5162_02,1
5163_01,3
5163_02,3
5165_01,1
5166_01,3
5167_01,3
5170_01,1
5171_01,0
5173_01,2
5174_01,2
5174_02,2
5175_01,2
5176_01,1
5177_01,2
5179_01,0
5180_01,0
5181_01,4
5182_01,2
5182_02,2
5184_01,0
5185_01,1
5186_01,4
5187_01,0
5188_01,3
5188_02,3
5188_03,3
5190_01,2
5192_01,3
5193_01,4
5194_01,2
5194_02,2
5196_01,0
5196_02,0
5197_01,1
5198_01,1
5199_01,3
5201_01,1
5202_01,0
5204_01,1
5205_01,3
5205_02,3
5205_03,3
5206_01,4
5206_02,4
5206_03,4
5207_01,0
5207_02,0
5208_01,4
5208_02,4
5209_01,0
5210_01,0
5211_01,1
5213_01,1
5214_01,3
5216_01,1
5217_01,1
5217_02,1
5218_01,3
5220_01,4
5221_01,2
5223_01,4
5223_02,4
5223_03,4
5224_01,0
5225_01,1
5226_01,4
5227_01,2
5229_01,1
5230_01,2
5234_01,0
5235_01,1
5236_01,4
5238_01,0
5239_01,2
5240_01,2
5242_01,2
5243_01,2
5243_02,2
5244_01,4
5246_01,2
5246_02,2
5247_01,0
5248_01,4
5249_01,4
5250_01,2
5251_01,3
5252_01,4
5253_01,2
5254_01,4
5254_02,4
5254_03,4
5254_04,4
5255_01,0
5256_01,4
5257_01,1
5258_01,4
5260_01,1
5262_01,2
5264_01,1
5264_02,1
5265_01,2
5266_01,0
5266_02,0
5268_01,3
5269_01,3
5271_01,1
5272_01,0
5273_01,2
5274_01,1
5275_01,2
5276_01,0
5277_01,0
5278_01,1
5279_01,1
5280_01,1
5281_01,4
5282_01,1
5282_02,1
5282_03,1
5287_01,3
5288_01,4
5290_01,3
5291_01,3
5292_01,3
5297_01,2
5298_01,0
5299_01,0
5300_01,2
5301_01,4
5301_02,4
5303_01,0
5303_02,0
5303_03,0
5303_04,0
5303_05,0
5304_01,4
5304_02,4
5305_01,1
5307_01,0
5310_01,3
5312_01,1
5313_01,0
5314_01,2
5315_01,4
5316_01,2
5320_01,4
5320_02,4
5322_01,3
5323_01,3
5325_01,1
5326_01,2
5327_01,1
5330_01,4
5331_01,4
5333_01,1
5334_01,1
5334_02,1
5337_01,0
5340_01,2
5341_01,4
5343_01,2
5344_01,1
5344_02,1
5345_01,4
5345_02,4
5346_01,2
5347_01,4
5348_01,4
5350_01,2
5351_01,3
5353_01,4
5353_02,4
5354_01,1
5354_02,1
5355_01,4
5355_02,4
5356_01,0
5359_01,3
5360_01,1
5361_01,4
5362_01,3
5363_01,1
5365_01,2
5366_01,2
5367_01,2
5367_02,2
5367_03,2
5368_01,0
5372_01,2
5374_01,3
5375_01,3
5375_02,3
5378_01,0
5379_01,3
5380_01,0
5383_01,4
5384_01,3
5384_02,3
5385_01,3
5387_01,1
5388_01,1
5389_01,3
5389_02,3
5390_01,0
5390_02,0
5390_03,0
5392_01,4
5394_01,2
5395_01,3
5396_01,4
5397_01,4
5397_02,4
5397_03,4
5401_01,1
5402_01,4
5404_01,4
5406_01,0
5408_01,1
5408_02,1
5410_01,4
5411_01,0
5412_01,2
5413_01,4
5414_01,2
5414_02,2
5414_03,2
5414_04,2
5414_05,2
5415_01,2
5416_01,1
5416_02,1
5416_03,1
5416_04,1
5418_01,2
5420_01,1
5421_01,1
5422_01,3
5423_01,2
5423_02,2
5424_01,4
5424_02,4
5425_01,1
5427_01,1
5427_02,1
5427_03,1
5430_01,4
5431_01,4
5434_01,4
5435_01,2
5436_01,4
5437_01,1
5438_01,1
5440_01,1
5440_02,1
5440_03,1
5441_01,4
5443_01,3
5445_01,4
5446_01,4
5447_01,1
5447_02,1
5450_01,2
5451_01,3
5452_01,2
5453_01,3
5454_01,2
5455_01,1
5457_01,3
5458_01,0
5459_01,2
5462_01,4
5463_01,2
5465_01,4
5465_02,4
5465_03,4
5466_01,2
5466_02,2
5466_03,2
5466_04,2
5466_05,2
5467_01,3
5468_01,0
5469_01,3
5470_01,0
5471_01,0
5472_01,0
5474_01,3
5475_01,1
5476_01,2
5477_01,4
5478_01,4
5479_01,2
5480_01,0
5483_01,4
5484_01,1
5485_01,2
5487_01,4
5488_01,3
5488_02,3
5488_03,3
5488_04,3
5489_01,1
5489_02,1
5490_01,4
5491_01,1
5492_01,0
5494_01,4
5496_01,0
5497_01,4
5497_02,4
5499_01,4
5500_01,4
5501_01,1
5504_01,3
5506_01,1
5507_01,3
5508_01,4
5509_01,3
5510_01,4
5511_01,2
5511_02,2
5512_01,0
5512_02,0
5514_01,0
5514_02,0
5514_03,0
5514_04,0
5515_01,2
5517_01,3
5520_01,4
5521_01,3
5522_01,0
5522_02,0
5522_03,0
5523_01,4
5524_01,2
5526_01,4
5526_02,4
5527_01,4
5527_02,4
5527_03,4
5527_04,4
5528_01,1
5529_01,4
5530_01,0
5530_02,0
5531_01,4
5531_02,4
5535_01,1
5535_02,1
5535_03,1
5536_01,2
5537_01,4
5538_01,3
5538_02,3
5539_01,1
5540_01,3
5541_01,4
5543_01,0
5544_01,3
5545_01,2
5545_02,2
5545_03,2
5546_01,1
5550_01,3
5551_01,4
5552_01,3
5552_02,3
5552_03,3
5555_01,3
5556_01,2
5557_01,1
5559_01,1
5560_01,0
5561_01,4
5561_02,4
5561_03,4
5561_04,4
5563_01,3
5566_01,4
5568_01,0
5568_02,0
5569_01,0
5571_01,3
5572_01,4
5573_01,1
5574_01,4
5575_01,4
5575_02,4
5578_01,4
5580_01,3
5581_01,1
5582_01,1
5583_01,0
5585_01,3
5585_02,3
5586_01,4
5587_01,3
5589_01,4
5591_01,0
5592_01,0
5594_01,1
5595_01,4
5596_01,0
5598_01,0
5599_01,2
5601_01,3
5601_02,3
5601_03,3
5601_04,3
5601_05,3
5602_01,4
5602_02,4
5603_01,4
5606_01,3
5606_02,3
5608_01,1
5609_01,1
5610_01,1
5610_02,1
5611_01,1
5611_02,1
5613_01,0
5614_01,3
5615_01,1
5616_01,1
5618_01,0
5619_01,1
5622_01,0
5623_01,3
5625_01,2
5625_02,2
5625_03,2
5625_04,2
5625_05,2
5626_01,4
5627_01,3
5628_01,3
5629_01,1
5631_01,4
5637_01,2
5639_01,1
5640_01,2
5642_01,4
5642_02,4
5643_01,3
5643_02,3
5643_03,3
5644_01,4
5645_01,2
5646_01,4
5647_01,1
5647_02,1
5647_03,1
5648_01,3
5648_02,3
5650_01,1
5651_01,0
5652_01,1
5653_01,4
5655_01,2
5659_01,3
5661_01,1
5661_02,1
5662_01,0
5662_02,0
5663_01,2
5667_01,3
5671_01,0
5673_01,1
5674_01,2
5677_01,3
5679_01,2
5679_02,2
5679_03,2
5680_01,4
5681_01,1
5684_01,3
5684_02,3
5684_03,3
5684_04,3
5685_01,4
5686_01,4
5686_02,4
5687_01,2
5688_01,3
5689_01,0
5692_01,0
5693_01,2
5695_01,4
5696_01,4
5698_01,0
5698_02,0
5700_01,1
5701_01,4
5702_01,2
5704_01,2
5705_01,2
5706_01,1
5706_02,1
5707_01,2
5709_01,3
5710_01,1
5711_01,2
5712_01,3
5713_01,1
5714_01,1
5714_02,1
5714_03,1
5714_04,1
5714_05,1
5716_01,4
5717_01,2
5718_01,2
5719_01,4
5719_02,4
5721_01,4
5721_02,4
5722_01,3
5723_01,1
5724_01,1
5725_01,2
5726_01,0
5727_01,2
5728_01,1
5729_01,0
5730_01,1
5732_01,0
5733_01,2
5733_02,2
5735_01,2
5736_01,2
5737_01,3
5737_02,3
5738_01,2
5739_01,0
5740_01,4
5740_02,4
5742_01,2
5744_01,3
5746_01,1
5747_01,0
5748_01,1
5750_01,3
5751_01,0
5755_01,4
5756_01,3
5756_02,3
5756_03,3
5756_04,3
5756_05,3
5756_06,3
5756_07,3
5756_08,3
5757_01,0
5758_01,4
5761_01,4
5763_01,0
5763_02,0
5764_01,1
5765_01,3
5767_01,3
5768_01,1
5768_02,1
5769_01,1
5769_02,1
5771_01,3
5772_01,0
5773_01,3
5776_01,0
5777_01,1
5778_01,4
5779_01,3
5780_01,0
5780_02,0
5780_03,0
5781_01,0
5783_01,1
5785_01,4
5786_01,0
5788_01,0
5790_01,4
5791_01,0
5792_01,3
5793_01,0
5794_01,0
5795_01,0
5796_01,0
5799_01,4
5800_01,3
5802_01,1
5804_01,4
5806_01,0
5808_01,1
5808_02,1
5808_03,1
5809_01,4
5809_02,4
5810_01,4
5810_02,4
5811_01,3
5811_02,3
5812_01,0
5812_02,0
5812_03,0
5812_04,0
5812_05,0
5812_06,0
5813_01,1
5814_01,1
5814_02,1
5814_03,1
5814_04,1
5814_05,1
5814_06,1
5814_07,1
5816_01,4
5817_01,0
5818_01,0
5819_01,3
5820_01,2
5821_01,4
5822_01,4
5823_01,4
5824_01,1
5825_01,2
5826_01,2
5827_01,0
5828_01,0
5829_01,0
5831_01,1
5834_01,0
5835_01,1
5836_01,0
5837_01,1
5839_01,1
5840_01,4
5842_01,4
5842_02,4
5843_01,2
5844_01,0
5846_01,4
5847_01,2
5848_01,2
5849_01,4
5852_01,3
5854_01,1
5855_01,4
5855_02,4
5856_01,0
5856_02,0
5857_01,4
5858_01,1
5859_01,3
5860_01,1
5860_02,1
5860_03,1
5861_01,1
5863_01,3
5863_02,3
5867_01,0
5868_01,1
5869_01,2
5871_01,3
5874_01,0
5875_01,2
5876_01,1
5876_02,1
5876_03,1
5877_01,3
5878_01,2
5879_01,1
5880_01,0
5882_01,2
5885_01,1
5885_02,1
5885_03,1
5885_04,1
5885_05,1
5885_06,1
5885_07,1
5885_08,1
5886_01,3
5886_02,3
5887_01,0
5887_02,0
5888_01,1
5888_02,1
5889_01,1
5890_01,2
5891_01,0
5894_01,0
5897_01,1
5898_01,2
5900_01,1
5900_02,1
5900_03,1
5901_01,4
5902_01,3
5903_01,4
5905_01,3
5906_01,1
5907_01,4
5908_01,4
5909_01,0
5909_02,0
5909_03,0
5912_01,3
5913_01,0
5915_01,0
5916_01,3
5919_01,3
5920_01,0
5921_01,2
5921_02,2
5922_01,1
5923_01,0
5924_01,0
5925_01,2
5925_02,2
5925_03,2
5927_01,0
5927_02,0
5927_03,0
5927_04,0
5927_05,0
5927_06,0
5927_07,0
5928_01,1
5930_01,0
5930_02,0
5930_03,0
5931_01,1
5933_01,3
5934_01,0
5938_01,0
5938_02,0
5939_01,3
5941_01,0
5944_01,2
5945_01,2
5945_02,2
5945_03,2
5946_01,4
5947_01,4
5949_01,4
5949_02,4
5950_01,3
5951_01,0
5952_01,2
5953_01,2
5954_01,1
5955_01,4
5955_02,4
5956_01,2
5957_01,0
5957_02,0
5957_03,0
5959_01,3
5959_02,3
5960_01,4
5960_02,4
5960_03,4
5963_01,0
5965_01,3
5967_01,2
5967_02,2
5967_03,2
5968_01,0
5969_01,4
5969_02,4
5969_03,4
5970_01,3
5971_01,0
5972_01,4
5973_01,2
5974_01,2
5975_01,3
5976_01,1
5977_01,3
5977_02,3
5977_03,3
5977_04,3
5980_01,2
5981_01,2
5981_02,2
5981_03,2
5983_01,4
5983_02,4
5984_01,3
5984_02,3
5985_01,3
5986_01,3
5987_01,2
5988_01,2
5989_01,3
5990_01,1
5991_01,1
5992_01,0
5993_01,1
5994_01,3
5995_01,1
5998_01,3
5999_01,3
6000_01,1
6000_02,1
6001_01,3
6003_01,0
6004_01,4
6006_01,4
6006_02,4
6007_01,4
6008_01,2
6010_01,2
6011_01,3
6014_01,0
6015_01,4
6015_02,4
6016_01,1
6016_02,1
6017_01,2
6017_02,2
6019_01,0
6020_01,0
6020_02,0
6020_03,0
6020_04,0
6020_05,0
6020_06,0
6020_07,0
6022_01,2
6024_01,4
6025_01,2
6026_01,0
6027_01,3
6028_01,0
6028_02,0
6028_03,0
6028_04,0
6028_05,0
6029_01,1
6030_01,2
6030_02,2
6030_03,2
6030_04,2
6030_05,2
6030_06,2
6030_07,2
6031_01,1
6032_01,2
6032_02,2
6032_03,2
6033_01,0
6033_02,0
6034_01,2
6034_02,2
6034_03,2
6035_01,1
6035_02,1
6036_01,0
6036_02,0
6036_03,0
6038_01,0
6039_01,3
6039_02,3
6040_01,1
6041_01,4
6042_01,0
6043_01,4
6045_01,0
6047_01,2
6048_01,4
6049_01,3
6052_01,4
6054_01,3
6055_01,4
6055_02,4
6055_03,4
6058_01,4
6059_01,4
6061_01,1
6062_01,3
6062_02,3
6064_01,4
6065_01,3
6066_01,3
6066_02,3
6066_03,3
6067_01,0
6068_01,1
6069_01,0
6070_01,0
6071_01,1
6073_01,1
6075_01,1
6076_01,2
6077_01,4
6080_01,3
6082_01,0
6085_01,1
6086_01,3
6087_01,0
6090_01,0
6091_01,1
6091_02,1
6092_01,1
6092_02,1
6092_03,1
6094_01,3
6094_02,3
6094_03,3
6095_01,0
6096_01,0
6096_02,0
6096_03,0
6098_01,4
6099_01,3
6101_01,2
6102_01,1
6103_01,4
6105_01,2
6106_01,0
6107_01,0
6108_01,1
6109_01,3
6109_02,3
6110_01,2
6111_01,0
6111_02,0
6111_03,0
6111_04,0
6111_05,0
6112_01,0
6115_01,2
6116_01,0
6117_01,4
6118_01,2
6118_02,2
6120_01,2
6121_01,0
6121_02,0
6122_01,3
6123_01,4
6124_01,0
6126_01,4
6127_01,4
6128_01,0
6128_02,0
6130_01,0
6132_01,2
6133_01,4
6135_01,2
6136_01,2
6137_01,4
6137_02,4
6137_03,4
6137_04,4
6137_05,4
6137_06,4
6138_01,4
6139_01,1
6139_02,1
6139_03,1
6139_04,1
6139_05,1
6139_06,1
6141_01,2
6141_02,2
6143_01,4
6145_01,4
6146_01,0
6148_01,1
6148_02,1
6149_01,3
6150_01,4
6152_01,0
6152_02,0
6153_01,0
6155_01,1
6156_01,4
6157_01,2
6158_01,1
6162_01,0
6163_01,1
6166_01,4
6167_01,0
6168_01,4
6168_02,4
6169_01,4
6170_01,3
6171_01,0
6172_01,1
6173_01,1
6174_01,1
6174_02,1
6174_03,1
6175_01,1
6175_02,1
6175_03,1
6176_01,0
6178_01,3
6179_01,3
6180_01,4
6181_01,1
6182_01,0
6184_01,2
6186_01,2
6189_01,1
6191_01,2
6191_02,2
6191_03,2
6191_04,2
6192_01,4
6194_01,4
6199_01,2
6199_02,2
6200_01,1
6200_02,1
6200_03,1
6201_01,0
6205_01,1
6206_01,1
6207_01,3
6207_02,3
6207_03,3
6208_01,2
6211_01,1
6213_01,0
6215_01,3
6215_02,3
6216_01,1
6218_01,4
6218_02,4
6219_01,0
6220_01,2
6222_01,3
6223_01,3
6224_01,2
6224_02,2
6225_01,1
6227_01,1
6228_01,4
6229_01,0
6230_01,3
6232_01,0
6234_01,1
6236_01,2
6237_01,1
6238_01,2
6239_01,3
6241_01,1
6243_01,1
6245_01,3
6246_01,2
6248_01,4
6249_01,3
6250_01,2
6251_01,2
6252_01,0
6253_01,2
6253_02,2
6254_01,3
6254_02,3
6256_01,3
6262_01,3
6262_02,3
6263_01,0
6263_02,0
6264_01,4
6265_01,4
6266_01,4
6268_01,1
6270_01,2
6270_02,2
6271_01,0
6273_01,0
6273_02,0
6274_01,2
6276_01,1
6277_01,1
6279_01,2
6280_01,0
6281_01,1
6282_01,3
6283_01,4
6283_02,4
6285_01,0
6285_02,0
6289_01,4
6290_01,3
6292_01,0
6293_01,3
6296_01,2
6297_01,0
6299_01,2
6300_01,4
6301_01,2
6302_01,2
6302_02,2
6302_03,2
6302_04,2
6302_05,2
6302_06,2
6302_07,2
6304_01,1
6305_01,1
6305_02,1
6308_01,1
6309_01,0
6309_02,0
6309_03,0
6309_04,0
6309_05,0
6313_01,4
6313_02,4
6315_01,0
6316_01,0
6317_01,1
6318_01,4
6319_01,3
6320_01,3
6321_01,1
6321_02,1
6321_03,1
6322_01,1
6323_01,3
6323_02,3
6324_01,1
6324_02,1
6324_03,1
6325_01,1
6325_02,1
6326_01,0
6327_01,1
6328_01,2
6328_02,2
6328_03,2
6328_04,2
6330_01,2
6331_01,1
6334_01,4
6334_02,4
6334_03,4
6334_04,4
6334_05,4
6334_06,4
6334_07,4
6335_01,1
6338_01,0
6339_01,1
6340_01,2
6340_02,2
6341_01,0
6343_01,4
6344_01,3
6344_02,3
6346_01,0
6346_02,0
6347_01,3
6348_01,0
6349_01,1
6351_01,4
6353_01,1
6354_01,1
6355_01,3
6356_01,3
6357_01,1
6360_01,2
6360_02,2
6360_03,2
6361_01,4
6363_01,3
6363_02,3
6363_03,3
6363_04,3
6363_05,3
6363_06,3
6363_07,3
6365_01,0
6366_01,0
6367_01,2
6367_02,2
6368_01,4
6369_01,1
6370_01,3
6371_01,2
6372_01,1
6372_02,1
6372_03,1
6372_04,1
6373_01,3
6374_01,1
6376_01,4
6378_01,3
6380_01,4
6380_02,4
6380_03,4
6381_01,3
6385_01,3
6388_01,0
6390_01,0
6394_01,4
6394_02,4
6394_03,4
6394_04,4
6396_01,2
6397_01,4
6398_01,4
6399_01,2
6400_01,2
6400_02,2
6402_01,4
6402_02,4
6402_03,4
6402_04,4
6402_05,4
6404_01,1
6405_01,0
6405_02,0
6405_03,0
6405_04,0
6406_01,2
6406_02,2
6407_01,3
6408_01,3
6409_01,4
6411_01,0
6412_01,3
6413_01,0
6414_01,0
6415_01,0
6416_01,1
6418_01,2
6419_01,1
6421_01,3
6421_02,3
6422_01,3
6422_02,3
6422_03,3
6422_04,3
6424_01,4
6428_01,1
6428_02,1
6430_01,1
6431_01,2
6431_02,2
6431_03,2
6432_01,4
6433_01,0
6433_02,0
6434_01,3
6436_01,3
6437_01,0
6439_01,0
6442_01,1
6443_01,1
6443_02,1
6443_03,1
6443_04,1
6443_05,1
6443_06,1
6443_07,1
6444_01,4
6444_02,4
6446_01,1
6446_02,1
6446_03,1
6447_01,4
6448_01,1
6449_01,2
6449_02,2
6450_01,1
6450_02,1
6451_01,1
6452_01,0
6452_02,0
6452_03,0
6453_01,0
6454_01,2
6455_01,0
6456_01,1
6457_01,4
6458_01,3
6459_01,0
6461_01,3
6462_01,2
6462_02,2
6463_01,3
6464_01,0
6468_01,2
6468_02,2
6468_03,2
6468_04,2
6470_01,0
6471_01,0
6472_01,2
6472_02,2
6473_01,0
6475_01,4
6477_01,0
6477_02,0
6478_01,3
6480_01,2
6481_01,4
6482_01,2
6482_02,2
6482_03,2
6485_01,2
6485_02,2
6487_01,1
6488_01,3
6489_01,3
6490_01,2
6490_02,2
6490_03,2
6490_04,2
6492_01,2
6493_01,2
6494_01,0
6500_01,2
6501_01,2
6502_01,0
6503_01,4
6508_01,0
6509_01,0
6510_01,1
6511_01,4
6511_02,4
6511_03,4
6512_01,0
6512_02,0
6512_03,0
6513_01,0
6514_01,0
6514_02,0
6517_01,2
6520_01,4
6522_01,4
6523_01,0
6525_01,2
6525_02,2
6525_03,2
6526_01,3
6526_02,3
6529_01,3
6530_01,2
6531_01,1
6535_01,2
6539_01,4
6540_01,3
6541_01,2
6544_01,2
6545_01,4
6546_01,0
6547_01,2
6548_01,1
6549_01,0
6549_02,0
6552_01,2
6553_01,1
6556_01,4
6556_02,4
6557_01,3
6558_01,3
6560_01,2
6561_01,0
6561_02,0
6562_01,1
6563_01,3
6563_02,3
6565_01,1
6565_02,1
6567_01,4
6567_02,4
6568_01,2
6569_01,0
6570_01,4
6572_01,1
6573_01,4
6574_01,4
6578_01,4
6578_02,4
6580_01,3
6582_01,4
6583_01,4
6583_02,4
6585_01,3
6585_02,3
6588_01,2
6588_02,2
6590_01,2
6590_02,2
6591_01,1
6592_01,4
6593_01,3
6593_02,3
6594_01,4
6595_01,4
6598_01,1
6599_01,4
6601_01,1
6602_01,2
6603_01,4
6604_01,1
6606_01,1
6608_01,0
6609_01,3
6611_01,4
6611_02,4
6611_03,4
6613_01,0
6614_01,0
6616_01,0
6618_01,1
6620_01,0
6621_01,2
6622_01,2
6622_02,2
6623_01,1
6624_01,4
6625_01,4
6625_02,4
6626_01,2
6628_01,2
6630_01,4
6631_01,1
6633_01,4
6634_01,1
6634_02,1
6635_01,1
6635_02,1
6637_01,3
6638_01,4
6639_01,4
6641_01,4
6641_02,4
6642_01,2
6643_01,1
6645_01,0
6646_01,1
6647_01,2
6649_01,1
6650_01,1
6652_01,0
6654_01,1
6654_02,1
6654_03,1
6655_01,4
6656_01,2
6659_01,4
6660_01,0
6662_01,2
6662_02,2
6662_03,2
6663_01,4
6663_02,4
6664_01,1
6665_01,2
6665_02,2
6665_03,2
6665_04,2
6667_01,3
6668_01,2
6668_02,2
6669_01,1
6670_01,0
6671_01,3
6671_02,3
6671_03,3
6672_01,4
6672_02,4
6672_03,4
6672_04,4
6673_01,1
6674_01,3
6674_02,3
6674_03,3
6674_04,3
6674_05,3
6675_01,3
6675_02,3
6676_01,4
6680_01,1
6681_01,4
6683_01,0
6684_01,4
6684_02,4
6684_03,4
6691_01,2
6692_01,2
6693_01,0
6694_01,0
6697_01,0
6698_01,0
6699_01,0
6702_01,1
6706_01,2
6706_02,2
6707_01,1
6708_01,1
6708_02,1
6708_03,1
6708_04,1
6708_05,1
6708_06,1
6709_01,2
6711_01,4
6713_01,1
6718_01,2
6718_02,2
6718_03,2
6719_01,2
6720_01,2
6721_01,4
6722_01,4
6722_02,4
6722_03,4
6724_01,1
6724_02,1
6725_01,4
6726_01,1
6727_01,4
6729_01,2
6729_02,2
6729_03,2
6730_01,2
6731_01,3
6734_01,4
6734_02,4
6734_03,4
6734_04,4
6736_01,0
6739_01,0
6741_01,1
6741_02,1
6742_01,4
6744_01,2
6744_02,2
6744_03,2
6744_04,2
6744_05,2
6745_01,1
6746_01,2
6747_01,4
6748_01,1
6748_02,1
6748_03,1
6748_04,1
6749_01,0
6750_01,2
6751_01,0
6751_02,0
6753_01,4
6753_02,4
6754_01,1
6756_01,1
6756_02,1
6756_03,1
6757_01,1
6758_01,3
6760_01,1
6761_01,2
6761_02,2
6762_01,0
6763_01,1
6764_01,4
6764_02,4
6765_01,3
6766_01,1
6766_02,1
6766_03,1
6773_01,3
6774_01,0
6774_02,0
6774_03,0
6775_01,4
6776_01,4
6778_01,1
6779_01,1
6779_02,1
6779_03,1
6779_04,1
6780_01,1
6780_02,1
6782_01,3
6784_01,0
6784_02,0
6786_01,3
6787_01,3
6787_02,3
6787_03,3
6787_04,3
6787_05,3
6787_06,3
6787_07,3
6788_01,1
6789_01,2
6792_01,4
6794_01,0
6796_01,3
6798_01,4
6799_01,1
6800_01,2
6801_01,4
6802_01,4
6805_01,3
6806_01,1
6808_01,0
6810_01,0
6810_02,0
6810_03,0
6810_04,0
6810_05,0
6813_01,4
6814_01,1
6816_01,4
6816_02,4
6816_03,4
6816_04,4
6816_05,4
6816_06,4
6817_01,3
6818_01,4
6820_01,0
6821_01,0
6822_01,3
6824_01,1
6825_01,0
6825_02,0
6826_01,2
6827_01,3
6827_02,3
6827_03,3
6827_04,3
6829_01,4
6829_02,4
6829_03,4
6831_01,2
6832_01,0
6833_01,1
6834_01,4
6837_01,4
6839_01,1
6840_01,2
6841_01,4
6843_01,1
6843_02,1
6844_01,4
6848_01,3
6850_01,4
6850_02,4
6850_03,4
6851_01,3
6853_01,2
6854_01,0
6857_01,4
6858_01,4
6858_02,4
6858_03,4
6858_04,4
6859_01,4
6861_01,2
6862_01,4
6862_02,4
6863_01,2
6864_01,1
6864_02,1
6865_01,4
6865_02,4
6866_01,3
6866_02,3
6868_01,1
6869_01,2
6871_01,0
6873_01,2
6879_01,0
6880_01,3
6880_02,3
6882_01,1
6882_02,1
6883_01,4
6885_01,2
6887_01,2
6889_01,0
6891_01,3
6892_01,1
6893_01,4
6894_01,2
6894_02,2
6894_03,2
6895_01,0
6896_01,0
6896_02,0
6896_03,0
6898_01,0
6899_01,0
6899_02,0
6900_01,3
6901_01,0
6902_01,3
6903_01,0
6905_01,0
6905_02,0
6905_03,0
6906_01,2
6906_02,2
6906_03,2
6907_01,2
6908_01,0
6910_01,0
6911_01,2
6912_01,0
6913_01,4
6913_02,4
6915_01,3
6917_01,1
6918_01,3
6920_01,4
6921_01,4
6921_02,4
6921_03,4
6921_04,4
6921_05,4
6921_06,4
6924_01,3
6925_01,3
6926_01,2
6928_01,2
6928_02,2
6929_01,2
6929_02,2
6929_03,2
6930_01,2
6931_01,4
6932_01,3
6934_01,4
6934_02,4
6937_01,1
6939_01,3
6940_01,4
6943_01,0
6944_01,2
6945_01,0
6946_01,4
6947_01,3
6947_02,3
6949_01,3
6950_01,3
6950_02,3
6951_01,2
6951_02,2
6954_01,1
6954_02,1
6957_01,1
6960_01,3
6962_01,0
6963_01,4
6964_01,4
6966_01,3
6967_01,1
6968_01,1
6968_02,1
6970_01,0
6970_02,0
6971_01,1
6971_02,1
6971_03,1
6971_04,1
6971_05,1
6971_06,1
6972_01,3
6973_01,3
6976_01,0
6977_01,3
6977_02,3
6978_01,3
6979_01,2
6980_01,2
6981_01,1
6982_01,2
6984_01,3
6984_02,3
6984_03,3
6985_01,4
6987_01,2
6988_01,2
6988_02,2
6990_01,4
6991_01,4
6991_02,4
6992_01,4
6992_02,4
6992_03,4
6994_01,1
6994_02,1
6995_01,1
6996_01,2
6997_01,4
6997_02,4
6998_01,0
6999_01,4
7001_01,1
7002_01,3
7004_01,3
7005_01,3
7006_01,0
7007_01,4
7007_02,4
7008_01,0
7010_01,3
7010_02,3
7011_01,2
7013_01,4
7014_01,0
7015_01,4
7016_01,0
7017_01,4
7018_01,3
7019_01,0
7019_02,0
7020_01,0
7021_01,1
7022_01,3
7022_02,3
7025_01,3
7026_01,2
7027_01,1
7028_01,1
7028_02,1
7029_01,0
7029_02,0
7031_01,0
7032_01,0
7034_01,0
7036_01,0
7037_01,1
7038_01,4
7039_01,1
7040_01,0
7041_01,3
7042_01,1
7044_01,3
7045_01,1
7047_01,0
7048_01,1
7049_01,4
7050_01,3
7051_01,1
7052_01,3
7053_01,1
7056_01,3
7057_01,3
7058_01,0
7059_01,2
7060_01,2
7061_01,3
7062_01,0
7068_01,3
7069_01,4
7069_02,4
7069_03,4
7071_01,0
7072_01,1
7073_01,1
7074_01,4
7074_02,4
7077_01,3
7078_01,0
7079_01,1
7080_01,4
7082_01,3
7083_01,4
7083_02,4
7084_01,2
7085_01,3
7085_02,3
7085_03,3
7086_01,4
7087_01,4
7088_01,4
7089_01,4
7090_01,4
7091_01,4
7092_01,4
7093_01,4
7094_01,1
7095_01,3
7096_01,0
7096_02,0
7096_03,0
7097_01,2
7097_02,2
7097_03,2
7097_04,2
7098_01,3
7099_01,2
7104_01,0
7104_02,0
7105_01,3
7106_01,4
7109_01,3
7110_01,2
7111_01,4
7113_01,4
7113_02,4
7114_01,2
7116_01,0
7117_01,4
7118_01,1
7119_01,3
7120_01,3
7121_01,2
7121_02,2
7126_01,0
7127_01,0
7127_02,0
7128_01,3
7128_02,3
7128_03,3
7132_01,0
7133_01,2
7134_01,2
7137_01,2
7140_01,3
7142_01,3
7142_02,3
7142_03,3
7143_01,0
7144_01,3
7148_01,4
7149_01,3
7151_01,0
7152_01,4
7152_02,4
7155_01,0
7156_01,0
7156_02,0
7156_03,0
7156_04,0
7157_01,1
7157_02,1
7159_01,3
7160_01,2
7161_01,1
7162_01,1
7165_01,3
7166_01,3
7167_01,2
7168_01,0
7170_01,1
7171_01,0
7173_01,3
7175_01,2
7176_01,1
7176_02,1
7176_03,1
7177_01,3
7179_01,4
7180_01,3
7181_01,2
7182_01,3
7184_01,2
7186_01,1
7186_02,1
7186_03,1
7187_01,4
7188_01,3
7188_02,3
7188_03,3
7189_01,3
7190_01,4
7191_01,2
7192_01,4
7193_01,0
7194_01,3
7197_01,3
7199_01,2
7200_01,0
7202_01,0
7203_01,4
7205_01,3
7206_01,2
7207_01,4
7208_01,4
7208_02,4
7210_01,3
7214_01,2
7215_01,4
7216_01,0
7217_01,1
7218_01,1
7219_01,1
7219_02,1
7219_03,1
7219_04,1
7219_05,1
7219_06,1
7221_01,3
7224_01,0
7225_01,2
7226_01,3
7227_01,4
7229_01,1
7230_01,1
7232_01,4
7233_01,2
7234_01,2
7235_01,2
7236_01,4
7238_01,4
7240_01,2
7240_02,2
7242_01,4
7246_01,4
7247_01,3
7249_01,2
7249_02,2
7250_01,4
7252_01,3
7253_01,0
7255_01,2
7256_01,0
7257_01,2
7257_02,2
7258_01,0
7259_01,2
7260_01,2
7261_01,1
7267_01,1
7267_02,1
7268_01,0
7270_01,3
7271_01,2
7273_01,1
7274_01,3
7276_01,3
7277_01,4
7278_01,4
7279_01,4
7280_01,0
7283_01,4
7284_01,0
7285_01,1
7289_01,1
7290_01,0
7290_02,0
7290_03,0
7290_04,0
7290_05,0
7292_01,3
7296_01,0
7297_01,4
7298_01,2
7300_01,3
7301_01,1
7302_01,0
7303_01,2
7304_01,3
7305_01,4
7306_01,1
7307_01,4
7309_01,4
7310_01,2
7311_01,0
7313_01,2
7314_01,2
7320_01,3
7321_01,3
7322_01,4
7323_01,2
7324_01,2
7326_01,4
7327_01,3
7328_01,3
7330_01,2
7331_01,2
7332_01,2
7334_01,0
7336_01,3
7336_02,3
7337_01,0
7338_01,1
7339_01,2
7340_01,3
7341_01,2
7342_01,1
7343_01,0
7344_01,1
7346_01,1
7347_01,2
7350_01,4
7351_01,1
7353_01,1
7353_02,1
7353_03,1
7356_01,2
7356_02,2
7358_01,3
7359_01,1
7360_01,3
7361_01,4
7361_02,4
7365_01,4
7366_01,3
7367_01,2
7367_02,2
7370_01,0
7371_01,0
7372_01,4
7374_01,4
7376_01,2
7377_01,0
7379_01,3
7385_01,0
7387_01,4
7388_01,4
7390_01,0
7391_01,0
7392_01,4
7393_01,2
7394_01,1
7395_01,1
7395_02,1
7395_03,1
7395_04,1
7396_01,3
7396_02,3
7396_03,3
7398_01,1
7399_01,0
7401_01,1
7402_01,3
7402_02,3
7403_01,1
7405_01,3
7406_01,0
7408_01,3
7410_01,4
7411_01,3
7416_01,0
7418_01,4
7419_01,3
7419_02,3
7422_01,4
7425_01,3
7425_02,3
7427_01,3
7428_01,3
7429_01,4
7430_01,0
7431_01,2
7432_01,4
7435_01,4
7436_01,4
7437_01,2
7437_02,2
7437_03,2
7438_01,3
7442_01,3
7442_02,3
7444_01,2
7445_01,0
7446_01,1
7447_01,4
7448_01,4
7449_01,3
7450_01,4
7452_01,2
7452_02,2
7452_03,2
7453_01,3
7455_01,1
7456_01,4
7457_01,2
7458_01,0
7459_01,3
7460_01,1
7461_01,3
7462_01,1
7464_01,0
7472_01,0
7475_01,3
7475_02,3
7477_01,4
7478_01,1
7479_01,4
7481_01,2
7483_01,4
7484_01,0
7485_01,2
7486_01,0
7487_01,0
7488_01,2
7488_02,2
7490_01,1
7492_01,2
7494_01,0
7495_01,1
7496_01,4
7498_01,0
7498_02,0
7498_03,0
7499_01,3
7500_01,0
7501_01,4
7502_01,4
7503_01,3
7503_02,3
7504_01,2
7505_01,0
7505_02,0
7505_03,0
7506_01,0
7507_01,2
7507_02,2
7507_03,2
7508_01,1
7509_01,2
7510_01,1
7512_01,1
7513_01,4
7514_01,0
7515_01,4
7515_02,4
7517_01,4
7518_01,3
7518_02,3
7520_01,0
7521_01,0
7522_01,1
7523_01,1
7524_01,1
7524_02,1
7525_01,4
7525_02,4
7527_01,3
7529_01,0
7531_01,3
7531_02,3
7533_01,1
7534_01,1
7535_01,1
7536_01,1
7538_01,1
7538_02,1
7542_01,4
7543_01,1
7544_01,1
7545_01,0
7549_01,4
7550_01,1
7552_01,2
7553_01,0
7559_01,2
7560_01,2
7561_01,4
7563_01,4
7565_01,3
7565_02,3
7565_03,3
7565_04,3
7567_01,1
7568_01,4
7569_01,2
7569_02,2
7572_01,4
7573_01,2
7574_01,1
7576_01,0
7576_02,0
7577_01,1
7578_01,1
7579_01,0
7580_01,1
7583_01,0
7584_01,2
7584_02,2
7584_03,2
7585_01,0
7585_02,0
7585_03,0
7585_04,0
7586_01,0
7588_01,3
7588_02,3
7592_01,3
7594_01,1
7595_01,2
7596_01,3
7596_02,3
7598_01,2
7599_01,3
7601_01,1
7604_01,2
7604_02,2
7605_01,0
7606_01,3
7608_01,3
7609_01,1
7609_02,1
7614_01,2
7616_01,3
7618_01,3
7620_01,1
7621_01,0
7622_01,2
7623_01,4
7624_01,2
7625_01,4
7626_01,3
7627_01,3
7628_01,3
7628_02,3
7630_01,4
7631_01,4
7632_01,3
7633_01,1
7634_01,3
7635_01,2
7639_01,3
7640_01,4
7641_01,1
7643_01,4
7643_02,4
7644_01,1
7646_01,4
7646_02,4
7646_03,4
7647_01,1
7649_01,3
7650_01,4
7650_02,4
7650_03,4
7650_04,4
7650_05,4
7652_01,2
7656_01,3
7660_01,3
7661_01,3
7665_01,2
7666_01,4
7667_01,4
7669_01,3
7670_01,1
7671_01,4
7676_01,4
7677_01,0
7678_01,3
7678_02,3
7679_01,1
7680_01,1
7682_01,0
7683_01,4
7684_01,1
7687_01,2
7688_01,3
7689_01,1
7690_01,0
7691_01,0
7692_01,1
7693_01,1
7693_02,1
7694_01,1
7696_01,2
7696_02,2
7697_01,0
7697_02,0
7698_01,1
7699_01,0
7700_01,0
7702_01,2
7703_01,1
7703_02,1
7705_01,1
7707_01,1
7708_01,4
7709_01,0
7709_02,0
7710_01,1
7711_01,2
7712_01,0
7713_01,3
7714_01,2
7715_01,0
7716_01,1
7717_01,2
7719_01,3
7720_01,3
7721_01,2
7723_01,4
7724_01,4
7727_01,1
7728_01,0
7729_01,3
7731_01,2
7736_01,0
7738_01,4
7739_01,3
7741_01,2
7741_02,2
7742_01,1
7742_02,1
7743_01,4
7744_01,4
7744_02,4
7746_01,1
7747_01,0
7748_01,1
7748_02,1
7749_01,4
7749_02,4
7751_01,0
7752_01,0
7753_01,0
7754_01,0
7755_01,4
7757_01,4
7757_02,4
7760_01,2
7761_01,4
7761_02,4
7763_01,0
7764_01,1
7767_01,4
7768_01,4
7769_01,1
7770_01,4
7770_02,4
7771_01,1
7773_01,3
7774_01,1
7775_01,0
7776_01,1
7777_01,4
7778_01,2
7778_02,2
7780_01,2
7782_01,2
7782_02,2
7783_01,0
7784_01,0
7785_01,1
7786_01,4
7787_01,4
7787_02,4
7788_01,2
7789_01,1
7790_01,2
7790_02,2
7790_03,2
7791_01,4
7793_01,1
7797_01,4
7800_01,4
7801_01,1
7802_01,4
7803_01,2
7803_02,2
7805_01,0
7806_01,4
7808_01,3
7809_01,0
7809_02,0
7810_01,1
7812_01,2
7813_01,3
7815_01,1
7816_01,1
7818_01,3
7820_01,3
7821_01,4
7824_01,2
7828_01,4
7829_01,2
7830_01,1
7830_02,1
7830_03,1
7830_04,1
7831_01,0
7832_01,0
7833_01,2
7833_02,2
7834_01,2
7835_01,0
7837_01,0
7837_02,0
7839_01,3
7840_01,1
7841_01,4
7841_02,4
7842_01,3
7843_01,3
7845_01,4
7847_01,0
7848_01,0
7848_02,0
7849_01,0
7850_01,0
7851_01,3
7852_01,0
7853_01,1
7853_02,1
7853_03,1
7856_01,4
7858_01,1
7858_02,1
7858_03,1
7859_01,3
7861_01,0
7863_01,4
7864_01,4
7865_01,0
7865_02,0
7865_03,0
7866_01,1
7868_01,0
7870_01,1
7871_01,2
7872_01,0
7872_02,0
7872_03,0
7872_04,0
7872_05,0
7872_06,0
7873_01,1
7873_02,1
7875_01,1
7877_01,1
7878_01,3
7879_01,4
7881_01,2
7882_01,4
7882_02,4
7883_01,3
7884_01,3
7885_01,3
7886_01,4
7888_01,4
7889_01,4
7890_01,2
7890_02,2
7890_03,2
7891_01,4
7891_02,4
7892_01,3
7894_01,0
7895_01,3
7897_01,3
7899_01,3
7899_02,3
7899_03,3
7901_01,1
7902_01,3
7902_02,3
7902_03,3
7902_04,3
7903_01,3
7904_01,1
7904_02,1
7905_01,4
7905_02,4
7905_03,4
7907_01,4
7908_01,2
7910_01,4
7913_01,1
7914_01,3
7914_02,3
7914_03,3
7916_01,0
7918_01,0
7919_01,0
7920_01,1
7922_01,3
7924_01,2
7926_01,1
7929_01,3
7930_01,4
7935_01,4
7936_01,1
7936_02,1
7936_03,1
7937_01,3
7937_02,3
7939_01,2
7940_01,1
7941_01,2
7943_01,4
7943_02,4
7944_01,1
7944_02,1
7945_01,1
7946_01,0
7947_01,0
7949_01,4
7950_01,2
7950_02,2
7950_03,2
7950_04,2
7952_01,0
7952_02,0
7954_01,0
7955_01,3
7957_01,1
7958_01,3
7960_01,2
7962_01,4
7967_01,3
7968_01,4
7970_01,3
7972_01,0
7972_02,0
7973_01,0
7974_01,1
7974_02,1
7976_01,0
7981_01,4
7981_02,4
7982_01,3
7982_02,3
7983_01,2
7984_01,0
7984_02,0
7984_03,0
7984_04,0
7985_01,3
7986_01,1
7987_01,4
7988_01,3
7989_01,1
7990_01,1
7993_01,1
7993_02,1
7994_01,2
7995_01,1
7996_01,2
7999_01,1
8000_01,2
8000_02,2
8003_01,3
8004_01,3
8005_01,0
8005_02,0
8005_03,0
8006_01,3
8007_01,0
8007_02,0
8010_01,0
8012_01,3
8012_02,3
8012_03,3
8014_01,4
8015_01,2
8015_02,2
8015_03,2
8016_01,1
8018_01,4
8019_01,2
8020_01,0
8021_01,3
8023_01,3
8023_02,3
8024_01,4
8025_01,1
8026_01,2
8027_01,0
8027_02,0
8029_01,1
8030_01,3
8031_01,4
8032_01,2
8032_02,2
8034_01,2
8034_02,2
8035_01,0
8036_01,4
8036_02,4
8037_01,4
8038_01,2
8038_02,2
8042_01,2
8043_01,4
8043_02,4
8043_03,4
8043_04,4
8046_01,3
8049_01,1
8050_01,4
8050_02,4
8050_03,4
8052_01,1
8052_02,1
8053_01,3
8054_01,3
8055_01,3
8056_01,4
8056_02,4
8057_01,0
8057_02,0
8058_01,0
8059_01,3
8060_01,4
8060_02,4
8063_01,1
8064_01,2
8064_02,2
8064_03,2
8066_01,4
8067_01,3
8068_01,2
8069_01,3
8071_01,4
8072_01,2
8072_02,2
8075_01,3
8076_01,4
8076_02,4
8077_01,0
8078_01,0
8079_01,4
8081_01,0
8082_01,4
8082_02,4
8083_01,0
8084_01,2
8085_01,1
8086_01,1
8087_01,4
8088_01,1
8088_02,1
8089_01,1
8091_01,3
8092_01,0
8092_02,0
8092_03,0
8094_01,1
8097_01,1
8098_01,3
8098_02,3
8098_03,3
8098_04,3
8102_01,2
8103_01,3
8105_01,1
8106_01,3
8107_01,1
8108_01,1
8112_01,0
8115_01,3
8115_02,3
8116_01,2
8117_01,1
8117_02,1
8117_03,1
8118_01,2
8119_01,1
8119_02,1
8119_03,1
8120_01,3
8121_01,4
8122_01,4
8122_02,4
8122_03,4
8123_01,0
8124_01,1
8128_01,2
8129_01,2
8129_02,2
8129_03,2
8129_04,2
8129_05,2
8130_01,4
8130_02,4
8130_03,4
8131_01,4
8133_01,4
8135_01,0
8136_01,1
8136_02,1
8137_01,3
8138_01,3
8139_01,1
8140_01,0
8141_01,1
8143_01,2
8144_01,0
8144_02,0
8144_03,0
8144_04,0
8147_01,4
8147_02,4
8147_03,4
8147_04,4
8148_01,4
8149_01,2
8150_01,1
8150_02,1
8150_03,1
8152_01,0
8153_01,3
8156_01,3
8157_01,3
8157_02,3
8157_03,3
8157_04,3
8157_05,3
8157_06,3
8158_01,4
8159_01,0
8161_01,0
8162_01,1
8164_01,2
8165_01,3
8167_01,0
8168_01,0
8168_02,0
8168_03,0
8168_04,0
8168_05,0
8168_06,0
8168_07,0
8168_08,0
8171_01,0
8173_01,4
8175_01,4
8176_01,1
8177_01,2
8178_01,0
8182_01,3
8186_01,3
8186_02,3
8186_03,3
8186_04,3
8189_01,4
8190_01,0
8191_01,3
8192_01,3
8194_01,0
8197_01,1
8199_01,3
8200_01,2
8202_01,1
8202_02,1
8202_03,1
8202_04,1
8202_05,1
8202_06,1
8203_01,2
8203_02,2
8204_01,1
8204_02,1
8205_01,4
8207_01,1
8208_01,2
8209_01,3
8210_01,1
8211_01,4
8212_01,4
8213_01,1
8214_01,2
8216_01,0
8217_01,2
8218_01,0
8219_01,1
8220_01,1
8221_01,2
8222_01,0
8222_02,0
8224_01,2
8225_01,0
8226_01,1
8226_02,1
8226_03,1
8227_01,3
8229_01,2
8231_01,1
8231_02,1
8232_01,3
8233_01,3
8233_02,3
8235_01,1
8237_01,3
8238_01,3
8238_02,3
8239_01,2
8242_01,4
8243_01,3
8244_01,1
8247_01,3
8248_01,2
8248_02,2
8251_01,0
8252_01,0
8252_02,0
8252_03,0
8254_01,4
8255_01,1
8257_01,4
8259_01,1
8260_01,3
8260_02,3
8260_03,3
8261_01,3
8264_01,2
8265_01,3
8266_01,1
8267_01,3
8267_02,3
8268_01,2
8268_02,2
8270_01,1
8271_01,3
8272_01,1
8272_02,1
8272_03,1
8273_01,1
8275_01,4
8276_01,4
8276_02,4
8277_01,1
8279_01,4
8280_01,0
8281_01,2
8282_01,1
8287_01,2
8288_01,3
8288_02,3
8289_01,3
8291_01,0
8292_01,3
8294_01,4
8295_01,3
8297_01,3
8298_01,4
8300_01,2
8301_01,3
8302_01,2
8302_02,2
8303_01,3
8306_01,2
8306_02,2
8306_03,2
8307_01,0
8307_02,0
8310_01,3
8313_01,2
8314_01,0
8314_02,0
8315_01,0
8316_01,1
8317_01,2
8318_01,0
8318_02,0
8318_03,0
8318_04,0
8319_01,2
8320_01,0
8321_01,2
8322_01,4
8322_02,4
8323_01,1
8324_01,1
8326_01,1
8328_01,0
8329_01,1
8330_01,2
8332_01,3
8333_01,4
8334_01,3
8335_01,2
8336_01,0
8338_01,1
8338_02,1
8338_03,1
8339_01,1
8339_02,1
8341_01,1
8342_01,3
8342_02,3
8342_03,3
8343_01,0
8344_01,4
8344_02,4
8344_03,4
8345_01,3
8346_01,0
8348_01,0
8354_01,2
8354_02,2
8356_01,0
8360_01,2
8360_02,2
8362_01,1
8363_01,0
8363_02,0
8365_01,1
8366_01,3
8366_02,3
8366_03,3
8366_04,3
8366_05,3
8368_01,4
8368_02,4
8369_01,2
8369_02,2
8371_01,2
8373_01,2
8374_01,3
8375_01,3
8376_01,0
8377_01,1
8378_01,3
8379_01,1
8380_01,4
8381_01,4
8382_01,4
8383_01,4
8383_02,4
8383_03,4
8383_04,4
8383_05,4
8383_06,4
8383_07,4
8384_01,0
8386_01,2
8388_01,1
8390_01,1
8392_01,4
8393_01,0
8394_01,0
8395_01,1
8397_01,0
8398_01,3
8398_02,3
8401_01,0
8403_01,1
8404_01,4
8404_02,4
8405_01,4
8406_01,3
8407_01,3
8409_01,3
8410_01,1
8411_01,1
8414_01,3
8416_01,2
8418_01,4
8418_02,4
8419_01,4
8419_02,4
8420_01,0
8421_01,3
8423_01,3
8427_01,1
8429_01,4
8430_01,4
8431_01,4
8431_02,4
8432_01,2
8433_01,0
8437_01,2
8438_01,3
8441_01,4
8442_01,3
8444_01,1
8447_01,0
8448_01,4
8449_01,3
8449_02,3
8451_01,1
8451_02,1
8452_01,2
8452_02,2
8452_03,2
8452_04,2
8454_01,0
8456_01,4
8457_01,4
8458_01,2
8458_02,2
8458_03,2
8458_04,2
8458_05,2
8458_06,2
8459_01,2
8460_01,3
8462_01,0
8463_01,0
8465_01,0
8465_02,0
8466_01,0
8467_01,4
8468_01,2
8469_01,1
8470_01,0
8471_01,3
8472_01,4
8474_01,0
8475_01,4
8475_02,4
8476_01,1
8477_01,3
8479_01,1
8480_01,2
8480_02,2
8481_01,0
8482_01,4
8483_01,1
8486_01,3
8487_01,4
8489_01,3
8491_01,2
8492_01,2
8493_01,4
8494_01,0
8495_01,3
8500_01,0
8502_01,0
8503_01,0
8503_02,0
8503_03,0
8504_01,1
8504_02,1
8506_01,2
8508_01,1
8508_02,1
8508_03,1
8509_01,2
8511_01,4
8512_01,0
8514_01,0
8516_01,1
8521_01,0
8522_01,2
8523_01,0
8524_01,4
8528_01,0
8530_01,0
8535_01,3
8536_01,4
8537_01,0
8537_02,0
8537_03,0
8539_01,0
8540_01,0
8541_01,1
8541_02,1
8542_01,3
8544_01,1
8545_01,3
8548_01,2
8549_01,3
8551_01,4
8552_01,1
8552_02,1
8554_01,3
8556_01,0
8556_02,0
8557_01,4
8557_02,4
8559_01,0
8559_02,0
8559_03,0
8560_01,4
8561_01,1
8566_01,2
8569_01,3
8570_01,3
8571_01,1
8572_01,0
8573_01,3
8573_02,3
8574_01,1
8574_02,1
8574_03,1
8574_04,1
8574_05,1
8577_01,4
8580_01,1
8581_01,2
8581_02,2
8584_01,2
8585_01,2
8586_01,1
8587_01,4
8588_01,4
8589_01,0
8592_01,2
8594_01,2
8595_01,2
8596_01,0
8596_02,0
8597_01,3
8598_01,4
8598_02,4
8598_03,4
8599_01,3
8602_01,4
8602_02,4
8602_03,4
8603_01,0
8604_01,1
8604_02,1
8605_01,3
8605_02,3
8605_03,3
8605_04,3
8605_05,3
8606_01,1
8606_02,1
8606_03,1
8607_01,2
8609_01,4
8610_01,2
8611_01,4
8612_01,1
8613_01,2
8614_01,3
8615_01,0
8615_02,0
8616_01,1
8616_02,1
8617_01,3
8618_01,0
8618_02,0
8619_01,3
8620_01,2
8623_01,0
8624_01,1
8624_02,1
8626_01,3
8628_01,1
8629_01,3
8631_01,1
8633_01,0
8634_01,0
8635_01,1
8636_01,3
8637_01,1
8637_02,1
8637_03,1
8638_01,4
8638_02,4
8638_03,4
8639_01,0
8639_02,0
8640_01,0
8641_01,2
8641_02,2
8641_03,2
8642_01,4
8643_01,1
8644_01,1
8644_02,1
8645_01,0
8646_01,0
8646_02,0
8646_03,0
8646_04,0
8650_01,3
8653_01,4
8654_01,3
8656_01,4
8656_02,4
8656_03,4
8657_01,2
8658_01,1
8658_02,1
8659_01,4
8661_01,1
8663_01,0
8663_02,0
8664_01,3
8667_01,0
8668_01,2
8668_02,2
8668_03,2
8669_01,2
8669_02,2
8669_03,2
8670_01,4
8671_01,0
8672_01,1
8673_01,0
8674_01,4
8675_01,1
8680_01,1
8681_01,3
8681_02,3
8681_03,3
8683_01,1
8684_01,1
8685_01,4
8687_01,3
8688_01,3
8691_01,0
8693_01,4
8694_01,1
8694_02,1
8694_03,1
8695_01,2
8696_01,4
8700_01,3
8701_01,3
8703_01,3
8704_01,1
8704_02,1
8708_01,1
8709_01,4
8710_01,0
8712_01,1
8714_01,2
8716_01,0
8717_01,1
8719_01,2
8719_02,2
8719_03,2
8720_01,2
8721_01,1
8722_01,4
8722_02,4
8723_01,3
8727_01,1
8728_01,3
8728_02,3
8728_03,3
8728_04,3
8728_05,3
8728_06,3
8728_07,3
8728_08,3
8729_01,4
8729_02,4
8732_01,4
8733_01,4
8734_01,2
8735_01,3
8736_01,1
8736_02,1
8741_01,1
8741_02,1
8741_03,1
8743_01,2
8744_01,3
8749_01,1
8750_01,1
8751_01,4
8752_01,4
8753_01,0
8753_02,0
8753_03,0
8754_01,4
8755_01,0
8757_01,0
8759_01,4
8759_02,4
8760_01,1
8762_01,0
8764_01,1
8766_01,2
8769_01,4
8770_01,2
8770_02,2
8770_03,2
8770_04,2
8770_05,2
8770_06,2
8770_07,2
8771_01,3
8772_01,4
8772_02,4
8773_01,4
8774_01,0
8776_01,3
8779_01,2
8780_01,4
8781_01,4
8782_01,3
8783_01,0
8783_02,0
8785_01,0
8785_02,0
8786_01,1
8787_01,2
8789_01,2
8789_02,2
8790_01,4
8791_01,2
8794_01,2
8796_01,1
8796_02,1
8796_03,1
8796_04,1
8796_05,1
8796_06,1
8796_07,1
8796_08,1
8797_01,0
8798_01,1
8799_01,3
8801_01,1
8802_01,0
8805_01,2
8806_01,1
8807_01,2
8808_01,3
8809_01,4
8811_01,0
8812_01,4
8813_01,4
8815_01,0
8816_01,3
8816_02,3
8816_03,3
8816_04,3
8816_05,3
8817_01,0
8818_01,2
8819_01,0
8820_01,4
8821_01,4
8822_01,2
8823_01,3
8824_01,0
8825_01,3
8826_01,0
8826_02,0
8826_03,0
8827_01,1
8828_01,1
8830_01,4
8830_02,4
8831_01,4
8833_01,3
8834_01,0
8835_01,1
8836_01,4
8836_02,4
8838_01,2
8840_01,1
8841_01,0
8842_01,1
8843_01,4
8844_01,1
8845_01,3
8845_02,3
8848_01,1
8849_01,0
8850_01,0
8852_01,1
8852_02,1
8853_01,0
8854_01,3
8856_01,4
8858_01,4
8860_01,1
8860_02,1
8860_03,1
8860_04,1
8861_01,3
8862_01,4
8862_02,4
8862_03,4
8862_04,4
8862_05,4
8863_01,2
8864_01,4
8865_01,4
8867_01,4
8867_02,4
8868_01,2
8869_01,3
8871_01,2
8871_02,2
8872_01,4
8874_01,0
8876_01,3
8878_01,1
8880_01,4
8881_01,1
8883_01,4
8884_01,3
8885_01,0
8886_01,2
8886_02,2
8886_03,2
8889_01,1
8890_01,1
8891_01,1
8891_02,1
8892_01,0
8894_01,1
8896_01,3
8897_01,3
8899_01,2
8900_01,0
8901_01,2
8902_01,1
8903_01,0
8904_01,2
8905_01,4
8906_01,1
8907_01,1
8910_01,2
8918_01,4
8919_01,0
8920_01,4
8922_01,4
8923_01,3
8926_01,1
8928_01,2
8930_01,1
8932_01,0
8937_01,3
8938_01,0
8938_02,0
8939_01,1
8940_01,2
8941_01,1
8941_02,1
8941_03,1
8942_01,3
8944_01,0
8944_02,0
8944_03,0
8945_01,4
8945_02,4
8947_01,0
8948_01,0
8948_02,0
8954_01,1
8955_01,0
8956_01,1
8956_02,1
8956_03,1
8956_04,1
8956_05,1
8956_06,1
8956_07,1
8956_08,1
8959_01,3
8961_01,2
8961_02,2
8961_03,2
8961_04,2
8961_05,2
8964_01,4
8964_02,4
8964_03,4
8966_01,1
8967_01,2
8968_01,1
8969_01,2
8970_01,3
8972_01,4
8973_01,3
8975_01,4
8975_02,4
8976_01,2
8977_01,3
8978_01,2
8981_01,2
8982_01,1
8983_01,0
8985_01,4
8986_01,2
8986_02,2
8987_01,4
8988_01,4
8988_02,4
8988_03,4
8988_04,4
8988_05,4
8988_06,4
8988_07,4
8988_08,4
8989_01,4
8989_02,4
8989_03,4
8989_04,4
8992_01,3
8993_01,1
8996_01,0
8997_01,0
8997_02,0
8998_01,3
8998_02,3
8999_01,3
9001_01,0
9003_01,4
9004_01,0
9006_01,4
9007_01,4
9008_01,2
9008_02,2
9009_01,3
9010_01,1
9011_01,0
9012_01,3
9013_01,1
9013_02,1
9013_03,1
9014_01,2
9015_01,2
9018_01,0
9019_01,0
9020_01,0
9021_01,2
9021_02,2
9023_01,3
9024_01,3
9026_01,1
9028_01,2
9029_01,2
9030_01,4
9030_02,4
9031_01,2
9032_01,0
9034_01,2
9034_02,2
9034_03,2
9034_04,2
9034_05,2
9035_01,1
9036_01,0
9037_01,4
9038_01,1
9041_01,1
9042_01,3
9043_01,2
9046_01,1
9046_02,1
9048_01,4
9049_01,1
9052_01,0
9052_02,0
9057_01,2
9057_02,2
9059_01,0
9060_01,4
9061_01,0
9064_01,4
9066_01,1
9068_01,1
9069_01,3
9069_02,3
9069_03,3
9069_04,3
9069_05,3
9071_01,1
9072_01,4
9072_02,4
9072_03,4
9073_01,4
9073_02,4
9074_01,4
9074_02,4
9074_03,4
9074_04,4
9074_05,4
9074_06,4
9075_01,0
9076_01,0
9077_01,3
9077_02,3
9078_01,4
9079_01,2
9080_01,4
9081_01,0
9081_02,0
9081_03,0
9081_04,0
9081_05,0
9081_06,0
9081_07,0
9081_08,0
9084_01,0
9085_01,1
9085_02,1
9085_03,1
9089_01,3
9094_01,3
9094_02,3
9097_01,0
9098_01,3
9099_01,4
9101_01,2
9103_01,4
9104_01,4
9106_01,0
9107_01,3
9108_01,0
9108_02,0
9110_01,3
9111_01,2
9112_01,1
9114_01,1
9115_01,2
9116_01,3
9118_01,4
9118_02,4
9119_01,0
9120_01,0
9122_01,1
9124_01,2
9125_01,3
9125_02,3
9126_01,4
9127_01,1
9128_01,0
9128_02,0
9129_01,4
9130_01,4
9131_01,2
9131_02,2
9132_01,4
9132_02,4
9134_01,2
9136_01,2
9137_01,1
9139_01,0
9140_01,1
9141_01,4
9142_01,0
9144_01,3
9145_01,1
9148_01,0
9149_01,2
9149_02,2
9150_01,1
9151_01,3
9152_01,2
9156_01,3
9157_01,1
9157_02,1
9157_03,1
9157_04,1
9157_05,1
9157_06,1
9157_07,1
9158_01,2
9159_01,3
9160_01,1
9161_01,4
9161_02,4
9163_01,2
9164_01,4
9165_01,0
9167_01,4
9168_01,0
9168_02,0
9169_01,4
9170_01,0
9172_01,4
9173_01,1
9174_01,0
9175_01,4
9176_01,3
9178_01,3
9179_01,0
9179_02,0
9179_03,0
9179_04,0
9180_01,1
9181_01,0
9183_01,2
9184_01,1
9185_01,3
9186_01,1
9188_01,2
9189_01,3
9190_01,4
9192_01,2
9193_01,4
9194_01,2
9194_02,2
9195_01,0
9195_02,0
9196_01,0
9196_02,0
9196_03,0
9197_01,2
9197_02,2
9197_03,2
9197_04,2
9199_01,1
9201_01,1
9202_01,4
9203_01,2
9205_01,0
9205_02,0
9205_03,0
9208_01,1
9208_02,1
9211_01,0
9213_01,2
9217_01,4
9218_01,1
9219_01,3
9219_02,3
9220_01,4
9220_02,4
9220_03,4
9221_01,2
9222_01,1
9224_01,3
9225_01,1
9226_01,3
9227_01,2
9227_02,2
9227_03,2
9227_04,2
9227_05,2
9230_01,4
9231_01,0
9231_02,0
9231_03,0
9233_01,0
9234_01,0
9235_01,3
9237_01,2
9239_01,3
9241_01,1
9242_01,4
9244_01,0
9246_01,0
9247_01,3
9248_01,2
9250_01,0
9251_01,3
9252_01,0
9252_02,0
9253_01,3
9254_01,3
9256_01,3
9257_01,1
9259_01,4
9261_01,2
9264_01,3
9267_01,3
9267_02,3
9268_01,1
9270_01,4
9272_01,0
9272_02,0
9274_01,1
9275_01,2
9275_02,2
9275_03,2
9276_01,3
9278_01,0
9279_01,4
9280_01,3
9280_02,3
